EmployeeID,Age,AgeGroup,Gender,Department,JobRole,Salary,SalaryGroup,ExperienceYears,JobSatisfaction,WorkLifeBalance,EnvironmentSatisfaction,EmployeeSatisfaction,PerformanceRating,OverTime,DistanceFromHome,Attrition
E1000,58,51+,Male,Research & Development,Sales Executive,103652,High Salary,32,1,5,5,3,1,Yes,9,No
E1001,48,41-50,Female,Sales,HR Specialist,71985,Medium Salary,27,3,5,4,2,4,No,24,No
E1002,34,31-40,Female,Research & Development,Sales Executive,65069,Medium Salary,9,2,1,5,1,4,No,44,No
E1003,27,20-30,Male,Sales,Engineer,67326,Medium Salary,5,2,3,1,2,5,No,14,No
E1004,40,31-40,Male,Research & Development,HR Specialist,96061,High Salary,17,2,2,1,5,2,Yes,46,No
E1005,58,51+,Female,IT,Executive,38398,Low Salary,37,5,1,5,1,5,Yes,8,Yes
E1006,38,31-40,Female,IT,Manager,113393,High Salary,14,5,5,5,2,1,Yes,37,No
E1007,42,41-50,Female,Sales,Executive,65861,Medium Salary,15,5,1,4,2,4,Yes,19,No
E1008,30,20-30,Female,IT,Executive,90897,High Salary,5,4,5,5,4,1,Yes,28,No
E1009,30,20-30,Female,Sales,Manager,96905,High Salary,9,2,4,2,5,1,Yes,46,No
E1010,43,41-50,Male,IT,Manager,83577,High Salary,23,3,5,1,4,2,No,41,Yes
E1011,55,51+,Male,IT,Sales Executive,80641,High Salary,35,5,5,1,1,1,Yes,30,No
E1012,59,51+,Female,Sales,Sales Executive,24078,Low Salary,33,5,5,5,4,4,No,7,No
E1013,43,41-50,Male,Finance,Manager,40003,Medium Salary,16,2,3,3,5,5,Yes,26,Yes
E1014,22,20-30,Male,IT,HR Specialist,77768,Medium Salary,0,5,5,3,3,4,Yes,40,No
E1015,41,41-50,Male,Research & Development,Analyst,66047,Medium Salary,19,4,2,5,3,2,No,46,No
E1016,21,20-30,Female,Finance,Sales Executive,86626,High Salary,0,4,2,2,1,4,Yes,46,No
E1017,43,41-50,Male,Sales,Analyst,72660,Medium Salary,20,5,1,3,3,3,No,11,No
E1018,49,41-50,Female,Finance,HR Specialist,119386,High Salary,26,2,3,5,4,5,Yes,14,Yes
E1019,57,51+,Male,HR,Manager,64786,Medium Salary,30,2,1,2,1,3,No,21,Yes
E1020,21,20-30,Female,HR,HR Specialist,16925,Low Salary,0,2,2,2,5,3,No,8,Yes
E1021,40,31-40,Male,IT,Sales Executive,98976,High Salary,16,1,2,4,1,2,No,3,No
E1022,52,51+,Female,IT,Executive,41015,Medium Salary,25,5,4,2,1,1,No,28,Yes
E1023,31,31-40,Female,Research & Development,Manager,48320,Medium Salary,7,2,5,3,2,3,No,29,No
E1024,41,41-50,Male,Finance,Engineer,79881,Medium Salary,14,4,2,3,2,4,No,23,Yes
E1025,44,41-50,Female,HR,Analyst,105827,High Salary,18,3,1,5,1,1,No,18,No
E1026,46,41-50,Female,IT,HR Specialist,117215,High Salary,25,3,1,5,3,4,Yes,35,No
E1027,47,41-50,Female,Finance,Manager,41289,Medium Salary,27,2,5,2,2,4,Yes,13,No
E1028,35,31-40,Female,IT,HR Specialist,18389,Low Salary,12,3,5,1,5,1,No,12,No
E1029,34,31-40,Female,IT,Manager,40683,Medium Salary,8,3,4,4,4,1,No,47,No
E1030,22,20-30,Female,HR,Sales Executive,28629,Low Salary,1,1,3,1,2,4,No,50,No
E1031,56,51+,Female,HR,Sales Executive,76550,Medium Salary,36,4,1,2,1,2,Yes,5,No
E1032,26,20-30,Female,IT,Sales Executive,39826,Low Salary,1,4,5,2,3,5,No,39,No
E1033,40,31-40,Male,Sales,HR Specialist,115734,High Salary,18,1,1,1,4,5,Yes,11,No
E1034,28,20-30,Male,IT,Engineer,41630,Medium Salary,4,1,5,4,2,2,No,11,No
E1035,58,51+,Female,IT,Sales Executive,113762,High Salary,33,3,2,1,3,1,Yes,47,No
E1036,37,31-40,Female,Research & Development,Manager,61163,Medium Salary,10,5,1,5,3,4,No,42,No
E1037,23,20-30,Male,Research & Development,Sales Executive,113511,High Salary,3,3,2,3,3,5,Yes,47,No
E1038,44,41-50,Male,Research & Development,Executive,81435,High Salary,19,1,1,5,1,4,No,31,No
E1039,33,31-40,Male,Sales,Sales Executive,26653,Low Salary,11,4,3,3,5,2,No,31,No
E1040,28,20-30,Female,Sales,HR Specialist,42961,Medium Salary,2,3,4,2,3,4,No,13,Yes
E1041,45,41-50,Male,IT,Engineer,96941,High Salary,25,5,2,4,4,2,No,14,No
E1042,21,20-30,Female,Research & Development,Executive,89137,High Salary,0,3,5,1,2,1,No,49,No
E1043,39,31-40,Female,Sales,HR Specialist,48662,Medium Salary,15,2,3,4,4,2,No,45,No
E1044,47,41-50,Male,HR,HR Specialist,113818,High Salary,23,3,1,1,1,2,No,42,Yes
E1045,26,20-30,Female,IT,HR Specialist,71446,Medium Salary,5,1,2,5,1,5,Yes,25,No
E1046,27,20-30,Female,Finance,Manager,36288,Low Salary,2,4,1,5,4,4,No,33,No
E1047,54,51+,Female,IT,HR Specialist,110081,High Salary,31,4,1,1,5,5,No,33,Yes
E1048,33,31-40,Female,Finance,Manager,51877,Medium Salary,8,1,1,4,1,3,Yes,15,No
E1049,36,31-40,Male,Research & Development,HR Specialist,30313,Low Salary,10,2,4,1,1,2,Yes,16,No
E1050,55,51+,Male,Finance,Analyst,95885,High Salary,35,1,4,2,4,3,No,44,No
E1051,59,51+,Female,Research & Development,Executive,87715,High Salary,39,3,5,5,1,5,Yes,38,Yes
E1052,23,20-30,Female,HR,Analyst,25326,Low Salary,0,1,2,2,5,4,No,6,Yes
E1053,21,20-30,Male,Finance,HR Specialist,16560,Low Salary,0,1,3,5,5,5,Yes,44,No
E1054,25,20-30,Female,IT,Executive,94148,High Salary,0,2,3,5,5,4,No,25,No
E1055,23,20-30,Male,Research & Development,Executive,98186,High Salary,1,3,3,3,2,4,No,15,No
E1056,48,41-50,Female,IT,Engineer,41745,Medium Salary,21,5,1,2,5,1,No,4,Yes
E1057,37,31-40,Female,Sales,Analyst,46890,Medium Salary,11,5,4,2,5,2,No,4,Yes
E1058,45,41-50,Male,Research & Development,Engineer,35022,Low Salary,21,4,2,3,2,5,No,30,No
E1059,53,51+,Male,Finance,Executive,67579,Medium Salary,27,1,1,4,3,4,No,34,No
E1060,29,20-30,Male,Research & Development,Manager,85316,High Salary,9,4,4,2,1,5,Yes,27,No
E1061,55,51+,Male,IT,Executive,98847,High Salary,31,2,4,1,5,5,Yes,31,No
E1062,33,31-40,Female,HR,Engineer,43380,Medium Salary,13,5,2,3,1,4,Yes,32,Yes
E1063,50,41-50,Male,Research & Development,Analyst,17356,Low Salary,29,1,2,2,4,3,No,44,No
E1064,34,31-40,Female,Finance,HR Specialist,85326,High Salary,11,2,2,4,1,2,Yes,39,No
E1065,27,20-30,Male,Sales,HR Specialist,107447,High Salary,7,2,1,2,2,2,Yes,9,No
E1066,33,31-40,Male,HR,Analyst,104899,High Salary,9,1,5,5,1,1,No,41,No
E1067,42,41-50,Female,Sales,HR Specialist,35049,Low Salary,21,2,2,1,1,1,No,8,No
E1068,59,51+,Male,Research & Development,HR Specialist,90717,High Salary,39,1,5,3,1,1,No,14,No
E1069,40,31-40,Male,IT,Engineer,31082,Low Salary,18,1,1,5,3,2,Yes,33,No
E1070,35,31-40,Male,IT,Analyst,15661,Low Salary,9,3,5,4,3,3,Yes,23,No
E1071,37,31-40,Male,Finance,Sales Executive,52412,Medium Salary,14,4,3,5,4,2,No,21,No
E1072,43,41-50,Female,IT,Manager,17920,Low Salary,23,2,5,5,2,2,Yes,12,No
E1073,45,41-50,Female,HR,Manager,106194,High Salary,24,2,2,4,1,2,No,2,No
E1074,44,41-50,Male,IT,HR Specialist,75315,Medium Salary,22,3,1,5,1,2,No,13,No
E1075,60,51+,Male,Finance,Manager,94561,High Salary,35,3,2,3,1,3,No,4,No
E1076,48,41-50,Male,Research & Development,Analyst,23946,Low Salary,27,3,3,2,1,1,Yes,20,No
E1077,34,31-40,Female,Research & Development,Analyst,109242,High Salary,8,5,2,5,3,5,No,50,No
E1078,20,20-30,Female,IT,Executive,60500,Medium Salary,0,5,2,3,4,1,No,48,Yes
E1079,44,41-50,Female,Sales,Executive,119540,High Salary,22,5,2,2,5,1,No,14,No
E1080,26,20-30,Female,Research & Development,Manager,31309,Low Salary,5,1,4,2,2,5,Yes,30,No
E1081,28,20-30,Male,IT,Sales Executive,70230,Medium Salary,6,2,3,5,1,2,Yes,29,No
E1082,43,41-50,Male,Finance,Executive,113656,High Salary,23,4,2,3,4,3,Yes,8,No
E1083,20,20-30,Male,IT,Executive,45027,Medium Salary,0,1,2,5,5,3,No,12,No
E1084,27,20-30,Female,Research & Development,Analyst,87541,High Salary,5,2,2,4,4,1,No,41,Yes
E1085,43,41-50,Male,Finance,Sales Executive,74321,Medium Salary,21,2,1,2,3,5,No,38,No
E1086,30,20-30,Female,IT,HR Specialist,15956,Low Salary,7,3,4,5,5,4,No,26,No
E1087,36,31-40,Female,HR,Manager,115375,High Salary,14,3,1,2,4,2,No,50,No
E1088,27,20-30,Male,Finance,Executive,89131,High Salary,5,1,4,3,3,1,No,2,No
E1089,54,51+,Male,HR,Sales Executive,62908,Medium Salary,29,3,2,1,4,3,No,40,Yes
E1090,54,51+,Male,Sales,Sales Executive,93339,High Salary,27,2,3,5,4,5,Yes,14,No
E1091,52,51+,Female,Finance,Manager,40963,Medium Salary,32,3,5,5,5,5,No,6,Yes
E1092,24,20-30,Female,HR,Sales Executive,116757,High Salary,0,5,5,2,3,1,Yes,42,No
E1093,58,51+,Male,Research & Development,Sales Executive,54443,Medium Salary,35,3,2,3,1,4,No,40,No
E1094,60,51+,Male,Research & Development,Sales Executive,114259,High Salary,35,2,1,4,2,3,No,31,No
E1095,47,41-50,Female,Sales,Executive,54063,Medium Salary,23,1,3,3,5,1,No,17,Yes
E1096,26,20-30,Male,Finance,Manager,95818,High Salary,0,4,4,5,3,4,Yes,25,Yes
E1097,28,20-30,Female,Finance,Sales Executive,19703,Low Salary,8,3,2,4,4,5,No,32,No
E1098,27,20-30,Female,Finance,Sales Executive,80128,High Salary,7,2,3,3,3,2,Yes,12,Yes
E1099,31,31-40,Male,Sales,Executive,87099,High Salary,7,4,3,1,2,3,No,49,No
E1100,53,51+,Male,Finance,Manager,40849,Medium Salary,27,4,4,2,2,3,Yes,13,No
E1101,52,51+,Male,Research & Development,Analyst,46860,Medium Salary,30,5,3,3,1,4,No,19,No
E1102,42,41-50,Male,HR,Executive,46585,Medium Salary,17,4,1,3,1,1,No,44,No
E1103,43,41-50,Female,Research & Development,Manager,37015,Low Salary,22,2,1,1,2,5,No,48,No
E1104,56,51+,Female,Research & Development,Sales Executive,92539,High Salary,33,2,1,5,5,4,No,25,No
E1105,54,51+,Female,HR,Manager,58585,Medium Salary,33,3,3,2,5,2,Yes,31,No
E1106,59,51+,Male,Research & Development,Manager,41958,Medium Salary,35,3,1,3,4,2,Yes,37,No
E1107,41,41-50,Female,Sales,HR Specialist,41017,Medium Salary,21,3,4,4,1,2,No,25,Yes
E1108,46,41-50,Male,HR,Manager,91707,High Salary,20,4,3,3,4,4,Yes,16,No
E1109,54,51+,Male,Research & Development,Analyst,60350,Medium Salary,34,4,5,2,1,5,Yes,38,Yes
E1110,20,20-30,Male,IT,Manager,27201,Low Salary,0,5,3,3,2,3,No,43,Yes
E1111,54,51+,Male,Research & Development,Analyst,44426,Medium Salary,34,3,4,1,5,1,No,49,Yes
E1112,56,51+,Male,Sales,Sales Executive,32778,Low Salary,36,1,5,3,5,3,Yes,23,No
E1113,33,31-40,Male,Finance,Analyst,60241,Medium Salary,10,5,3,3,2,5,Yes,14,No
E1114,22,20-30,Female,Research & Development,Sales Executive,57229,Medium Salary,0,1,1,4,4,3,Yes,6,No
E1115,20,20-30,Male,Finance,Sales Executive,101652,High Salary,0,4,2,1,4,4,No,25,No
E1116,24,20-30,Female,IT,Analyst,63364,Medium Salary,1,5,2,1,3,2,No,23,No
E1117,45,41-50,Female,Research & Development,Executive,113833,High Salary,19,5,1,3,1,5,No,43,No
E1118,33,31-40,Male,HR,Engineer,99878,High Salary,9,2,2,4,4,5,No,12,No
E1119,58,51+,Male,Finance,Manager,72056,Medium Salary,31,4,2,3,2,3,Yes,13,Yes
E1120,46,41-50,Male,IT,HR Specialist,42490,Medium Salary,26,4,1,3,4,4,No,36,No
E1121,28,20-30,Female,HR,Engineer,34975,Low Salary,2,5,1,2,5,3,No,39,Yes
E1122,34,31-40,Male,HR,Manager,41723,Medium Salary,14,4,3,2,1,3,Yes,34,No
E1123,34,31-40,Female,HR,Manager,38279,Low Salary,7,5,3,4,3,5,No,6,No
E1124,45,41-50,Male,HR,Sales Executive,93301,High Salary,21,2,1,5,1,3,No,38,No
E1125,32,31-40,Male,Research & Development,Manager,26561,Low Salary,7,5,4,2,5,2,No,50,No
E1126,51,51+,Female,Research & Development,HR Specialist,81061,High Salary,25,4,2,5,5,3,No,40,No
E1127,58,51+,Female,Research & Development,Manager,103397,High Salary,36,4,3,1,5,2,Yes,8,No
E1128,51,51+,Male,IT,Analyst,64153,Medium Salary,29,5,2,2,5,5,Yes,8,No
E1129,23,20-30,Female,IT,Engineer,48142,Medium Salary,0,5,5,2,2,4,No,40,No
E1130,49,41-50,Female,IT,Analyst,41916,Medium Salary,27,5,1,4,3,2,Yes,33,Yes
E1131,56,51+,Female,Sales,HR Specialist,79324,Medium Salary,31,3,4,5,5,4,No,34,No
E1132,42,41-50,Female,IT,Manager,59965,Medium Salary,15,4,5,2,5,4,No,44,No
E1133,58,51+,Female,Research & Development,HR Specialist,19648,Low Salary,33,4,5,2,4,2,No,15,No
E1134,34,31-40,Male,Research & Development,Sales Executive,50133,Medium Salary,10,3,5,4,3,5,No,36,No
E1135,48,41-50,Male,Sales,Analyst,65677,Medium Salary,28,5,1,4,1,1,No,35,No
E1136,55,51+,Female,Sales,Analyst,111059,High Salary,31,2,3,5,3,4,No,46,No
E1137,32,31-40,Male,IT,Executive,109588,High Salary,8,5,1,1,3,4,No,22,No
E1138,51,51+,Male,Finance,Manager,114950,High Salary,26,5,3,1,3,5,Yes,23,No
E1139,26,20-30,Female,Sales,Sales Executive,113317,High Salary,0,3,5,3,5,5,Yes,40,No
E1140,41,41-50,Male,HR,Analyst,85135,High Salary,14,4,5,2,5,3,Yes,45,No
E1141,47,41-50,Female,Research & Development,Analyst,50046,Medium Salary,25,5,4,5,2,5,Yes,22,No
E1142,21,20-30,Female,HR,Sales Executive,62064,Medium Salary,0,4,3,2,1,4,Yes,5,No
E1143,25,20-30,Male,Research & Development,HR Specialist,116459,High Salary,5,1,5,5,4,2,Yes,31,No
E1144,47,41-50,Female,Research & Development,HR Specialist,84350,High Salary,22,4,2,5,3,1,No,13,No
E1145,47,41-50,Female,Sales,Manager,60893,Medium Salary,25,2,4,5,1,3,No,28,No
E1146,39,31-40,Female,Sales,Executive,116520,High Salary,13,2,1,2,1,2,Yes,20,No
E1147,49,41-50,Female,HR,Analyst,76272,Medium Salary,28,5,4,4,2,1,No,33,No
E1148,30,20-30,Female,Research & Development,Executive,107152,High Salary,9,4,2,2,4,1,No,16,No
E1149,47,41-50,Male,HR,HR Specialist,82649,High Salary,22,5,3,5,3,1,Yes,29,No
E1150,44,41-50,Male,Finance,HR Specialist,79674,Medium Salary,21,3,1,3,4,2,No,23,No
E1151,58,51+,Female,HR,Engineer,28760,Low Salary,38,2,1,1,2,3,No,24,No
E1152,52,51+,Female,IT,Manager,36927,Low Salary,31,5,3,5,5,3,No,34,No
E1153,20,20-30,Male,HR,Engineer,101475,High Salary,0,3,4,3,1,1,No,7,Yes
E1154,46,41-50,Female,IT,Engineer,76367,Medium Salary,21,5,5,4,3,2,Yes,38,No
E1155,32,31-40,Male,IT,Engineer,112955,High Salary,10,4,4,5,5,1,No,37,Yes
E1156,60,51+,Female,IT,Manager,27588,Low Salary,34,4,2,3,2,5,Yes,4,No
E1157,22,20-30,Female,Finance,Manager,116678,High Salary,0,4,5,5,4,3,No,34,Yes
E1158,58,51+,Female,HR,Sales Executive,119734,High Salary,38,4,4,2,1,4,No,42,No
E1159,25,20-30,Female,HR,Executive,67233,Medium Salary,0,1,3,3,3,1,No,22,No
E1160,27,20-30,Female,Finance,Executive,59738,Medium Salary,3,3,2,2,5,5,Yes,5,No
E1161,46,41-50,Female,Research & Development,Sales Executive,48397,Medium Salary,20,3,2,2,5,3,No,50,No
E1162,28,20-30,Female,Sales,Sales Executive,97189,High Salary,2,4,2,3,1,2,No,42,No
E1163,56,51+,Male,HR,HR Specialist,91367,High Salary,34,1,5,1,4,3,No,23,No
E1164,52,51+,Male,Sales,Engineer,86260,High Salary,25,4,1,3,2,2,No,15,No
E1165,43,41-50,Male,Finance,Sales Executive,91619,High Salary,22,1,5,1,4,2,No,31,No
E1166,34,31-40,Female,Research & Development,Analyst,34816,Low Salary,13,4,4,5,4,1,No,9,No
E1167,51,51+,Female,Research & Development,Executive,57240,Medium Salary,29,2,1,5,4,1,No,43,No
E1168,51,51+,Female,Research & Development,Sales Executive,21276,Low Salary,26,2,4,3,1,3,No,25,No
E1169,43,41-50,Female,Finance,Analyst,119199,High Salary,22,5,1,5,1,5,No,25,No
E1170,60,51+,Female,IT,Analyst,94530,High Salary,37,4,5,4,2,3,No,49,No
E1171,31,31-40,Female,IT,Analyst,38499,Low Salary,11,3,2,2,4,4,Yes,21,No
E1172,58,51+,Female,Sales,HR Specialist,103576,High Salary,32,5,3,2,1,2,No,9,No
E1173,21,20-30,Male,IT,HR Specialist,97495,High Salary,0,2,2,1,2,2,No,48,No
E1174,22,20-30,Female,IT,Analyst,86635,High Salary,0,4,5,5,2,1,Yes,38,No
E1175,56,51+,Male,Research & Development,HR Specialist,100112,High Salary,29,5,1,1,4,5,No,22,No
E1176,36,31-40,Male,Research & Development,Engineer,50946,Medium Salary,15,4,2,2,3,1,No,43,No
E1177,21,20-30,Female,Sales,Analyst,70204,Medium Salary,0,2,5,2,4,4,No,23,Yes
E1178,21,20-30,Female,HR,Engineer,66886,Medium Salary,0,5,4,5,3,3,No,49,Yes
E1179,47,41-50,Male,Sales,Engineer,86652,High Salary,20,2,3,4,2,3,Yes,4,No
E1180,42,41-50,Male,Sales,Analyst,30563,Low Salary,22,1,2,4,1,5,Yes,29,No
E1181,56,51+,Female,Finance,Executive,107324,High Salary,36,2,1,5,5,1,No,15,No
E1182,51,51+,Female,Finance,Analyst,107464,High Salary,25,4,4,5,2,1,Yes,1,No
E1183,52,51+,Male,Sales,Analyst,116872,High Salary,30,3,5,1,1,4,Yes,30,No
E1184,20,20-30,Female,Sales,HR Specialist,24847,Low Salary,0,2,3,5,2,3,No,29,No
E1185,38,31-40,Female,Sales,Analyst,41155,Medium Salary,12,3,1,4,4,1,Yes,20,No
E1186,21,20-30,Female,IT,Executive,94671,High Salary,0,1,5,5,3,5,No,33,No
E1187,45,41-50,Male,Finance,HR Specialist,98310,High Salary,19,5,5,1,2,3,No,41,No
E1188,51,51+,Male,Sales,Manager,82278,High Salary,27,5,2,1,1,4,Yes,44,Yes
E1189,25,20-30,Male,Research & Development,Manager,33309,Low Salary,0,3,2,1,4,5,Yes,36,No
E1190,51,51+,Female,Research & Development,Engineer,15619,Low Salary,26,5,1,1,5,2,No,22,No
E1191,23,20-30,Female,IT,Engineer,98194,High Salary,3,2,5,3,4,4,No,13,No
E1192,30,20-30,Male,IT,Executive,65108,Medium Salary,4,3,2,5,3,5,Yes,7,No
E1193,36,31-40,Male,HR,Sales Executive,49707,Medium Salary,12,4,3,2,4,1,No,8,No
E1194,57,51+,Male,HR,Manager,35337,Low Salary,35,2,3,5,5,2,Yes,28,Yes
E1195,43,41-50,Female,HR,Engineer,96537,High Salary,21,2,5,3,1,4,No,45,No
E1196,24,20-30,Male,IT,Manager,81504,High Salary,4,2,2,1,2,1,Yes,43,Yes
E1197,53,51+,Male,IT,Executive,62614,Medium Salary,30,4,1,3,3,2,Yes,9,No
E1198,25,20-30,Female,IT,Executive,106428,High Salary,0,1,1,4,5,3,Yes,25,No
E1199,41,41-50,Female,Research & Development,Sales Executive,106155,High Salary,14,5,1,4,3,1,No,16,No
E1200,30,20-30,Female,IT,Sales Executive,15281,Low Salary,9,3,3,5,4,5,No,10,No
E1201,35,31-40,Male,Research & Development,HR Specialist,42420,Medium Salary,13,1,2,5,3,4,No,11,Yes
E1202,52,51+,Female,HR,Executive,95896,High Salary,25,3,2,2,5,2,No,31,No
E1203,28,20-30,Female,HR,Engineer,54030,Medium Salary,1,5,3,2,2,1,Yes,12,Yes
E1204,25,20-30,Male,HR,Manager,16058,Low Salary,0,4,1,4,2,3,Yes,31,No
E1205,35,31-40,Female,Sales,Analyst,101213,High Salary,8,2,1,1,3,4,No,14,No
E1206,48,41-50,Male,Sales,Sales Executive,91260,High Salary,21,2,5,3,1,4,No,44,No
E1207,22,20-30,Male,Finance,Analyst,43404,Medium Salary,0,4,4,2,3,1,No,32,No
E1208,39,31-40,Female,Finance,Engineer,118482,High Salary,17,1,2,2,4,3,Yes,50,No
E1209,55,51+,Female,Finance,Sales Executive,44856,Medium Salary,28,1,2,1,2,2,No,17,No
E1210,38,31-40,Female,Sales,Analyst,24200,Low Salary,15,3,2,1,2,1,Yes,35,Yes
E1211,45,41-50,Female,Sales,Engineer,79178,Medium Salary,22,4,4,5,2,2,No,1,No
E1212,22,20-30,Female,Finance,Manager,48997,Medium Salary,0,1,5,3,1,4,Yes,29,No
E1213,38,31-40,Female,Finance,Engineer,40611,Medium Salary,13,4,4,1,1,2,No,4,Yes
E1214,39,31-40,Male,IT,HR Specialist,56235,Medium Salary,15,5,1,2,5,3,Yes,23,No
E1215,51,51+,Male,Finance,Sales Executive,50057,Medium Salary,26,2,1,2,3,5,No,28,No
E1216,26,20-30,Female,IT,Executive,16239,Low Salary,0,2,2,4,3,3,No,16,No
E1217,60,51+,Male,Research & Development,Manager,118674,High Salary,34,2,3,1,4,2,No,12,No
E1218,52,51+,Female,Sales,Analyst,80661,High Salary,25,4,2,5,2,1,No,21,No
E1219,59,51+,Male,Finance,Sales Executive,60272,Medium Salary,38,4,3,3,1,4,No,45,No
E1220,58,51+,Male,Sales,Executive,104393,High Salary,32,3,4,5,4,5,No,17,No
E1221,37,31-40,Male,Sales,Engineer,76212,Medium Salary,16,2,1,2,4,1,No,40,No
E1222,59,51+,Female,Sales,Executive,30398,Low Salary,33,3,3,5,1,1,Yes,13,Yes
E1223,20,20-30,Male,Research & Development,Sales Executive,71503,Medium Salary,0,2,4,2,3,3,No,32,No
E1224,30,20-30,Female,HR,Sales Executive,21638,Low Salary,4,3,1,2,2,2,No,37,No
E1225,47,41-50,Male,Finance,HR Specialist,21570,Low Salary,23,3,3,2,3,3,No,50,No
E1226,44,41-50,Male,HR,HR Specialist,83785,High Salary,22,5,2,2,4,2,No,15,Yes
E1227,42,41-50,Male,HR,Executive,24110,Low Salary,15,3,2,2,2,3,Yes,12,No
E1228,50,41-50,Male,HR,Engineer,94141,High Salary,26,4,2,4,5,1,Yes,49,Yes
E1229,49,41-50,Male,Sales,Executive,27115,Low Salary,27,3,4,5,4,4,Yes,15,No
E1230,54,51+,Female,IT,Sales Executive,54062,Medium Salary,31,2,2,4,3,2,Yes,34,Yes
E1231,26,20-30,Female,Sales,Sales Executive,37911,Low Salary,2,3,5,4,3,5,No,6,No
E1232,35,31-40,Male,Sales,Analyst,119061,High Salary,12,1,1,1,3,5,No,17,No
E1233,45,41-50,Male,HR,HR Specialist,47556,Medium Salary,24,2,4,1,1,1,No,48,Yes
E1234,21,20-30,Male,Sales,Analyst,93131,High Salary,0,1,2,1,4,3,No,49,No
E1235,20,20-30,Male,HR,Manager,16969,Low Salary,0,2,1,3,2,3,Yes,20,No
E1236,31,31-40,Female,IT,Sales Executive,58753,Medium Salary,5,4,3,1,3,1,No,9,No
E1237,24,20-30,Male,Finance,Analyst,97811,High Salary,0,4,2,5,3,5,No,5,Yes
E1238,56,51+,Female,HR,Executive,19470,Low Salary,33,4,1,4,1,5,No,23,No
E1239,51,51+,Male,IT,HR Specialist,25225,Low Salary,29,1,5,5,2,3,No,33,No
E1240,28,20-30,Female,Finance,HR Specialist,38196,Low Salary,7,5,3,1,4,2,No,38,No
E1241,60,51+,Male,Research & Development,Engineer,28669,Low Salary,34,2,5,3,5,4,No,14,Yes
E1242,54,51+,Male,HR,Executive,52380,Medium Salary,33,4,1,3,1,2,No,17,No
E1243,38,31-40,Female,HR,Engineer,63320,Medium Salary,16,2,5,4,4,5,Yes,19,No
E1244,35,31-40,Male,Research & Development,Analyst,62414,Medium Salary,9,1,1,5,5,2,Yes,33,No
E1245,22,20-30,Male,Research & Development,Manager,118542,High Salary,0,5,1,2,3,4,No,1,No
E1246,39,31-40,Male,HR,Executive,30577,Low Salary,16,1,5,5,3,2,No,13,No
E1247,43,41-50,Female,Research & Development,Executive,103009,High Salary,20,2,1,1,2,2,No,46,No
E1248,52,51+,Male,Sales,Executive,70409,Medium Salary,28,5,2,2,5,2,No,27,No
E1249,43,41-50,Male,Finance,Engineer,43625,Medium Salary,19,5,1,3,3,2,No,6,No
E1250,30,20-30,Female,Finance,Analyst,96040,High Salary,5,1,4,4,3,1,Yes,6,No
E1251,27,20-30,Female,Finance,Executive,39089,Low Salary,0,4,1,4,2,5,No,33,No
E1252,55,51+,Female,Sales,Executive,51487,Medium Salary,30,2,4,3,4,4,No,30,No
E1253,57,51+,Male,Research & Development,HR Specialist,80838,High Salary,37,3,1,1,3,5,Yes,46,No
E1254,59,51+,Male,IT,Manager,111999,High Salary,38,3,1,3,1,1,No,35,No
E1255,39,31-40,Male,Research & Development,HR Specialist,109795,High Salary,15,1,5,1,1,1,No,23,No
E1256,54,51+,Female,HR,HR Specialist,65138,Medium Salary,31,2,2,2,4,1,No,10,No
E1257,44,41-50,Male,Finance,Manager,57823,Medium Salary,22,2,2,3,5,1,No,19,No
E1258,54,51+,Male,Research & Development,Analyst,52208,Medium Salary,31,1,3,1,2,2,Yes,28,No
E1259,44,41-50,Female,IT,HR Specialist,69061,Medium Salary,23,2,5,2,1,5,No,23,No
E1260,48,41-50,Female,HR,Analyst,45659,Medium Salary,23,4,5,3,1,3,No,4,No
E1261,37,31-40,Female,Sales,HR Specialist,116376,High Salary,14,1,2,4,4,4,No,20,No
E1262,37,31-40,Female,Sales,Sales Executive,46890,Medium Salary,10,4,5,3,5,1,Yes,19,No
E1263,21,20-30,Female,IT,Manager,94134,High Salary,1,2,2,5,5,5,No,42,No
E1264,54,51+,Male,HR,HR Specialist,62055,Medium Salary,33,1,5,3,4,1,Yes,27,No
E1265,35,31-40,Female,Finance,Sales Executive,34508,Low Salary,10,2,1,5,1,1,Yes,34,No
E1266,60,51+,Male,Research & Development,Engineer,57287,Medium Salary,33,1,2,2,2,1,No,4,No
E1267,55,51+,Male,HR,Sales Executive,93916,High Salary,33,2,2,3,1,1,Yes,38,No
E1268,52,51+,Female,Sales,Executive,41984,Medium Salary,27,4,4,2,5,1,No,7,No
E1269,23,20-30,Female,IT,HR Specialist,23125,Low Salary,0,4,5,2,1,4,Yes,48,Yes
E1270,52,51+,Female,IT,Sales Executive,51059,Medium Salary,25,2,5,1,2,5,No,7,Yes
E1271,33,31-40,Male,Research & Development,Analyst,84569,High Salary,6,1,2,2,3,1,Yes,50,No
E1272,40,31-40,Female,IT,Engineer,118409,High Salary,20,3,1,2,1,1,Yes,26,No
E1273,39,31-40,Female,IT,HR Specialist,32087,Low Salary,18,4,1,3,4,1,Yes,26,Yes
E1274,27,20-30,Female,HR,Executive,20704,Low Salary,5,4,1,3,3,1,No,19,No
E1275,26,20-30,Female,Finance,Sales Executive,75576,Medium Salary,6,3,5,4,4,2,No,9,No
E1276,22,20-30,Female,Research & Development,Engineer,88384,High Salary,0,2,4,1,4,2,Yes,20,No
E1277,36,31-40,Male,HR,HR Specialist,102128,High Salary,16,1,2,2,4,3,No,42,No
E1278,52,51+,Male,Finance,Engineer,87460,High Salary,25,2,3,1,1,1,No,45,No
E1279,31,31-40,Male,HR,Executive,42208,Medium Salary,10,5,4,5,5,3,No,50,Yes
E1280,41,41-50,Female,HR,Sales Executive,100150,High Salary,17,4,3,2,3,4,No,16,No
E1281,41,41-50,Female,IT,Engineer,81024,High Salary,21,5,4,1,2,3,No,17,No
E1282,49,41-50,Female,Finance,Engineer,54882,Medium Salary,23,4,1,4,5,5,Yes,22,No
E1283,57,51+,Male,Research & Development,Manager,40923,Medium Salary,37,4,5,4,1,2,No,13,No
E1284,57,51+,Female,Research & Development,Engineer,116477,High Salary,32,5,3,2,4,2,No,12,No
E1285,27,20-30,Female,Finance,Manager,44165,Medium Salary,2,5,4,5,2,1,No,10,Yes
E1286,46,41-50,Female,IT,Sales Executive,82203,High Salary,24,2,5,4,3,1,Yes,1,No
E1287,46,41-50,Male,Sales,HR Specialist,106749,High Salary,21,5,3,4,5,4,Yes,32,No
E1288,53,51+,Female,HR,HR Specialist,19114,Low Salary,30,2,2,5,5,4,No,30,No
E1289,40,31-40,Male,IT,Sales Executive,79965,Medium Salary,19,2,4,1,2,5,No,8,No
E1290,49,41-50,Female,Finance,Sales Executive,51321,Medium Salary,28,2,2,4,1,1,No,21,Yes
E1291,52,51+,Male,HR,Analyst,88297,High Salary,28,4,1,3,3,1,No,22,No
E1292,47,41-50,Male,Research & Development,Sales Executive,111652,High Salary,23,4,2,4,2,4,Yes,18,Yes
E1293,52,51+,Male,Sales,Engineer,114304,High Salary,31,5,2,1,4,4,Yes,2,No
E1294,24,20-30,Female,Research & Development,HR Specialist,40426,Medium Salary,0,4,4,1,3,4,No,48,Yes
E1295,38,31-40,Female,Finance,Executive,32772,Low Salary,14,5,1,2,5,2,Yes,44,No
E1296,23,20-30,Male,HR,HR Specialist,118754,High Salary,1,4,2,3,2,3,Yes,9,Yes
E1297,54,51+,Male,Finance,Manager,18712,Low Salary,29,1,5,1,5,3,No,3,Yes
E1298,36,31-40,Female,HR,HR Specialist,16367,Low Salary,15,1,3,5,5,1,No,26,No
E1299,47,41-50,Female,IT,Analyst,106736,High Salary,20,5,2,3,5,2,Yes,21,No
E1300,49,41-50,Male,Sales,Sales Executive,66924,Medium Salary,25,4,1,3,1,4,No,30,Yes
E1301,48,41-50,Female,IT,Sales Executive,18726,Low Salary,27,4,2,5,5,1,No,28,Yes
E1302,25,20-30,Female,IT,HR Specialist,104152,High Salary,2,2,3,4,4,2,Yes,36,Yes
E1303,54,51+,Female,Finance,Executive,42723,Medium Salary,34,3,1,5,4,5,No,26,No
E1304,60,51+,Female,Sales,Executive,118110,High Salary,35,5,4,5,3,2,No,34,No
E1305,56,51+,Male,HR,Analyst,115494,High Salary,35,3,1,4,5,1,No,8,Yes
E1306,43,41-50,Female,HR,Manager,24108,Low Salary,23,3,4,4,5,3,No,10,No
E1307,48,41-50,Female,Research & Development,HR Specialist,92714,High Salary,24,5,1,4,2,4,No,48,No
E1308,50,41-50,Male,HR,Sales Executive,50643,Medium Salary,30,4,3,4,1,5,Yes,43,No
E1309,54,51+,Male,Finance,HR Specialist,46324,Medium Salary,29,5,3,4,3,2,No,50,No
E1310,52,51+,Female,IT,Analyst,118896,High Salary,31,3,1,5,5,1,No,14,No
E1311,40,31-40,Female,IT,Engineer,98360,High Salary,17,4,2,2,2,1,No,40,Yes
E1312,51,51+,Female,IT,Engineer,23927,Low Salary,25,1,3,2,1,4,No,15,No
E1313,42,41-50,Female,Sales,Analyst,108680,High Salary,18,5,4,1,3,1,Yes,17,No
E1314,52,51+,Male,HR,Sales Executive,111546,High Salary,31,5,4,2,3,1,No,18,No
E1315,22,20-30,Male,Finance,Analyst,37443,Low Salary,0,4,5,2,5,4,No,32,No
E1316,37,31-40,Male,Sales,Sales Executive,94973,High Salary,13,1,4,5,3,5,Yes,38,No
E1317,44,41-50,Female,Research & Development,Executive,78449,Medium Salary,22,1,5,4,2,3,No,23,No
E1318,50,41-50,Female,Finance,Analyst,91743,High Salary,30,4,1,4,3,3,No,46,No
E1319,22,20-30,Female,Finance,Sales Executive,75233,Medium Salary,0,2,1,5,4,2,No,23,No
E1320,59,51+,Female,Finance,Analyst,40537,Medium Salary,34,5,1,2,2,5,Yes,35,No
E1321,43,41-50,Male,IT,Analyst,116293,High Salary,21,5,2,5,1,2,No,39,Yes
E1322,51,51+,Male,Finance,Sales Executive,92576,High Salary,24,3,2,1,1,3,Yes,15,No
E1323,41,41-50,Female,HR,Sales Executive,37612,Low Salary,20,4,5,4,5,4,Yes,24,No
E1324,42,41-50,Male,Finance,Manager,108977,High Salary,19,3,4,3,5,1,No,28,Yes
E1325,21,20-30,Female,IT,Analyst,21471,Low Salary,0,3,4,1,4,3,Yes,16,Yes
E1326,46,41-50,Female,Finance,Engineer,50631,Medium Salary,26,1,1,1,1,5,Yes,16,No
E1327,21,20-30,Male,Research & Development,Analyst,107059,High Salary,0,5,3,5,1,3,Yes,40,No
E1328,45,41-50,Female,Research & Development,Analyst,46348,Medium Salary,19,3,2,2,1,5,Yes,39,No
E1329,36,31-40,Female,IT,Sales Executive,79732,Medium Salary,15,1,2,4,1,5,Yes,6,Yes
E1330,59,51+,Male,HR,Analyst,16177,Low Salary,35,4,1,3,3,5,No,2,No
E1331,52,51+,Female,HR,HR Specialist,19760,Low Salary,32,3,2,1,2,2,Yes,13,No
E1332,28,20-30,Female,Sales,Analyst,47779,Medium Salary,7,5,1,3,2,4,Yes,44,No
E1333,58,51+,Male,IT,HR Specialist,36636,Low Salary,34,3,5,2,4,3,Yes,47,No
E1334,48,41-50,Female,Finance,Engineer,96889,High Salary,25,4,4,2,3,4,No,9,No
E1335,45,41-50,Male,IT,Sales Executive,68551,Medium Salary,20,3,3,3,1,1,No,34,No
E1336,54,51+,Female,Sales,Analyst,26556,Low Salary,33,5,4,4,1,3,No,17,No
E1337,44,41-50,Male,IT,HR Specialist,42598,Medium Salary,19,1,4,2,5,4,No,27,No
E1338,43,41-50,Male,IT,HR Specialist,26563,Low Salary,16,5,5,3,5,4,No,29,No
E1339,32,31-40,Male,Sales,HR Specialist,61819,Medium Salary,11,1,2,1,4,1,Yes,37,No
E1340,26,20-30,Female,HR,Executive,88770,High Salary,3,2,3,3,1,5,Yes,43,No
E1341,55,51+,Male,Finance,Manager,106055,High Salary,30,5,2,3,4,3,No,22,No
E1342,39,31-40,Male,Sales,Engineer,41966,Medium Salary,17,5,4,5,3,3,Yes,24,Yes
E1343,20,20-30,Male,Research & Development,Analyst,96709,High Salary,0,4,1,2,2,1,No,7,No
E1344,27,20-30,Male,HR,Executive,74889,Medium Salary,5,3,4,4,1,5,Yes,34,No
E1345,35,31-40,Male,Research & Development,Analyst,41987,Medium Salary,11,1,2,4,3,3,No,48,No
E1346,33,31-40,Female,HR,Analyst,93714,High Salary,10,1,4,5,1,3,Yes,12,No
E1347,31,31-40,Female,Finance,Sales Executive,119874,High Salary,9,4,1,4,5,3,Yes,23,Yes
E1348,42,41-50,Female,Finance,Sales Executive,73348,Medium Salary,21,4,5,3,4,5,No,15,Yes
E1349,34,31-40,Female,IT,Sales Executive,39596,Low Salary,10,3,2,5,5,1,No,33,No
E1350,47,41-50,Female,Research & Development,Executive,48174,Medium Salary,23,3,4,1,2,3,No,13,No
E1351,53,51+,Female,HR,Analyst,79106,Medium Salary,31,5,2,2,5,4,No,23,Yes
E1352,21,20-30,Female,Finance,Manager,84967,High Salary,0,2,5,2,1,5,Yes,38,No
E1353,51,51+,Male,Sales,Engineer,74182,Medium Salary,29,3,4,2,5,2,Yes,32,No
E1354,42,41-50,Female,Finance,Sales Executive,108300,High Salary,15,4,4,3,1,1,Yes,45,No
E1355,41,41-50,Male,Sales,Sales Executive,102163,High Salary,18,3,2,1,2,4,Yes,50,No
E1356,44,41-50,Male,HR,Analyst,54310,Medium Salary,24,1,2,5,5,3,Yes,35,No
E1357,41,41-50,Female,Finance,Analyst,71088,Medium Salary,19,2,1,5,4,2,Yes,1,No
E1358,41,41-50,Male,Finance,Executive,23906,Low Salary,15,5,5,2,4,1,No,47,No
E1359,25,20-30,Male,HR,Executive,51914,Medium Salary,0,1,1,1,4,5,Yes,45,Yes
E1360,34,31-40,Male,Finance,Sales Executive,60379,Medium Salary,12,1,4,1,5,2,No,5,No
E1361,56,51+,Male,Sales,Analyst,93612,High Salary,31,2,2,1,5,2,No,13,Yes
E1362,52,51+,Female,Finance,Manager,52650,Medium Salary,31,5,4,4,5,4,No,5,Yes
E1363,27,20-30,Female,Research & Development,Engineer,61881,Medium Salary,1,4,4,4,1,1,No,32,No
E1364,24,20-30,Female,IT,Analyst,61413,Medium Salary,0,5,3,2,2,4,Yes,21,No
E1365,58,51+,Female,Sales,Analyst,21012,Low Salary,31,3,3,1,4,4,Yes,24,No
E1366,23,20-30,Female,Research & Development,HR Specialist,65115,Medium Salary,0,1,4,1,1,3,No,18,No
E1367,25,20-30,Female,HR,Executive,22151,Low Salary,0,3,2,5,4,5,No,21,No
E1368,51,51+,Female,Sales,Engineer,72716,Medium Salary,27,4,4,5,1,2,Yes,10,No
E1369,49,41-50,Female,IT,Sales Executive,108747,High Salary,22,3,3,2,5,1,Yes,24,No
E1370,54,51+,Female,IT,Analyst,107653,High Salary,34,5,2,1,4,5,No,40,No
E1371,59,51+,Female,HR,Sales Executive,51378,Medium Salary,38,3,4,2,5,5,Yes,47,Yes
E1372,35,31-40,Male,HR,Analyst,57652,Medium Salary,12,4,5,5,4,1,No,21,No
E1373,32,31-40,Female,Sales,Sales Executive,87430,High Salary,6,4,5,5,3,5,No,25,No
E1374,49,41-50,Male,Finance,Engineer,28467,Low Salary,26,4,4,4,1,3,Yes,23,No
E1375,38,31-40,Male,HR,Executive,46010,Medium Salary,16,5,2,2,3,5,No,22,No
E1376,36,31-40,Male,Finance,Engineer,69691,Medium Salary,14,4,4,2,1,3,No,4,No
E1377,38,31-40,Male,Research & Development,HR Specialist,79157,Medium Salary,15,1,4,1,2,2,Yes,34,No
E1378,47,41-50,Female,IT,Manager,27289,Low Salary,25,4,3,1,4,2,No,6,No
E1379,45,41-50,Male,Finance,Executive,59976,Medium Salary,25,3,5,4,2,4,No,28,No
E1380,56,51+,Female,IT,Engineer,58596,Medium Salary,31,3,3,3,2,3,No,31,Yes
E1381,45,41-50,Female,Finance,HR Specialist,38171,Low Salary,23,3,3,3,1,2,Yes,35,No
E1382,42,41-50,Male,Research & Development,Manager,115441,High Salary,18,5,4,3,3,5,No,39,No
E1383,28,20-30,Female,HR,HR Specialist,101365,High Salary,6,3,3,2,5,1,No,42,No
E1384,31,31-40,Male,Research & Development,Analyst,114590,High Salary,10,5,5,2,1,1,No,23,No
E1385,20,20-30,Male,HR,Analyst,59139,Medium Salary,0,5,3,5,5,3,No,6,No
E1386,20,20-30,Female,HR,Sales Executive,63713,Medium Salary,0,4,5,2,2,4,Yes,16,Yes
E1387,53,51+,Female,IT,Executive,44734,Medium Salary,32,1,3,2,5,5,No,2,No
E1388,51,51+,Male,Research & Development,Analyst,87588,High Salary,27,4,5,2,3,3,No,24,No
E1389,44,41-50,Female,Finance,HR Specialist,78646,Medium Salary,24,4,3,4,1,1,Yes,17,No
E1390,59,51+,Female,Research & Development,Executive,18654,Low Salary,39,5,3,2,3,3,No,45,No
E1391,20,20-30,Female,IT,Analyst,104022,High Salary,0,5,2,1,3,5,Yes,1,No
E1392,35,31-40,Male,HR,Sales Executive,33743,Low Salary,15,3,5,1,1,2,No,6,No
E1393,58,51+,Male,IT,Engineer,63368,Medium Salary,38,3,5,5,3,5,Yes,5,No
E1394,24,20-30,Female,Sales,Sales Executive,105025,High Salary,4,4,5,4,4,2,No,45,No
E1395,41,41-50,Female,Sales,Manager,89172,High Salary,17,2,1,1,4,2,No,50,No
E1396,48,41-50,Female,Finance,Analyst,21441,Low Salary,26,2,3,4,4,2,No,29,No
E1397,22,20-30,Female,IT,Manager,39611,Low Salary,0,3,5,4,5,3,No,12,No
E1398,31,31-40,Female,Finance,Manager,27149,Low Salary,10,2,1,5,3,1,No,39,No
E1399,45,41-50,Male,Finance,HR Specialist,115102,High Salary,25,3,2,4,1,3,Yes,47,No
E1400,35,31-40,Female,Sales,Executive,74189,Medium Salary,9,5,5,2,1,1,No,3,Yes
E1401,56,51+,Male,Finance,HR Specialist,36675,Low Salary,34,4,5,4,5,5,No,48,No
E1402,41,41-50,Female,Sales,Analyst,86031,High Salary,19,1,1,5,1,4,No,1,No
E1403,48,41-50,Male,HR,Manager,57668,Medium Salary,27,4,3,5,4,5,Yes,27,No
E1404,33,31-40,Female,IT,Engineer,28673,Low Salary,9,3,2,5,3,3,No,48,No
E1405,47,41-50,Male,Finance,Manager,91666,High Salary,24,3,5,1,1,3,No,24,No
E1406,24,20-30,Female,Sales,Engineer,103204,High Salary,1,4,3,2,1,1,No,44,No
E1407,49,41-50,Male,Research & Development,HR Specialist,95758,High Salary,27,3,2,1,2,3,Yes,19,No
E1408,24,20-30,Male,Finance,HR Specialist,80429,High Salary,0,2,4,3,2,2,Yes,8,No
E1409,31,31-40,Male,HR,Executive,38669,Low Salary,6,2,4,2,2,3,No,44,No
E1410,35,31-40,Male,HR,Manager,49068,Medium Salary,14,3,2,4,3,1,Yes,47,No
E1411,45,41-50,Male,Research & Development,Sales Executive,103789,High Salary,22,3,1,5,4,1,No,2,No
E1412,45,41-50,Male,Sales,HR Specialist,24435,Low Salary,23,2,2,3,4,2,Yes,30,No
E1413,40,31-40,Female,Finance,HR Specialist,109088,High Salary,16,3,2,2,4,1,No,30,No
E1414,58,51+,Male,Sales,Executive,67249,Medium Salary,35,3,1,1,3,4,No,49,No
E1415,55,51+,Female,HR,Engineer,52384,Medium Salary,33,4,1,5,3,5,No,39,No
E1416,52,51+,Female,Sales,Executive,96929,High Salary,30,1,3,1,2,3,No,45,No
E1417,49,41-50,Female,HR,Manager,91153,High Salary,29,2,3,2,1,4,Yes,32,No
E1418,56,51+,Female,Sales,Analyst,119056,High Salary,32,4,1,2,5,3,Yes,1,No
E1419,42,41-50,Female,Research & Development,Analyst,90388,High Salary,22,1,4,3,5,4,Yes,38,No
E1420,29,20-30,Male,IT,Engineer,46401,Medium Salary,8,3,4,4,1,3,No,13,No
E1421,24,20-30,Male,Research & Development,HR Specialist,86831,High Salary,4,3,2,1,2,2,No,11,No
E1422,55,51+,Male,Research & Development,Engineer,116529,High Salary,29,4,5,3,1,1,No,10,No
E1423,53,51+,Female,IT,HR Specialist,49084,Medium Salary,33,3,2,5,1,1,No,48,Yes
E1424,50,41-50,Male,IT,HR Specialist,70826,Medium Salary,24,5,2,4,5,2,No,26,Yes
E1425,29,20-30,Male,Finance,Analyst,51451,Medium Salary,6,4,5,3,2,4,No,20,No
E1426,38,31-40,Male,Finance,Engineer,22227,Low Salary,13,1,1,1,3,5,Yes,17,No
E1427,51,51+,Male,Research & Development,Executive,46910,Medium Salary,24,4,4,2,5,4,Yes,17,Yes
E1428,20,20-30,Male,Research & Development,HR Specialist,51041,Medium Salary,0,2,2,5,3,1,No,4,No
E1429,24,20-30,Female,HR,Sales Executive,103920,High Salary,2,4,5,1,2,5,No,5,No
E1430,23,20-30,Male,HR,Sales Executive,80681,High Salary,0,3,3,4,1,3,Yes,23,No
E1431,35,31-40,Female,Finance,Executive,118314,High Salary,9,3,2,4,4,5,No,46,No
E1432,43,41-50,Female,Finance,Sales Executive,96571,High Salary,19,5,4,2,4,4,No,10,No
E1433,35,31-40,Female,HR,Manager,80481,High Salary,15,5,1,2,2,2,No,46,No
E1434,21,20-30,Female,HR,HR Specialist,83576,High Salary,0,5,2,5,4,3,Yes,28,Yes
E1435,47,41-50,Female,Sales,Executive,79174,Medium Salary,23,1,2,5,3,4,Yes,33,No
E1436,51,51+,Male,Sales,Engineer,41160,Medium Salary,26,5,5,2,4,3,No,43,No
E1437,46,41-50,Male,HR,HR Specialist,32633,Low Salary,19,1,3,2,2,5,No,26,No
E1438,39,31-40,Male,Sales,Executive,109880,High Salary,14,5,3,4,2,1,No,50,No
E1439,43,41-50,Female,IT,Analyst,32014,Low Salary,16,1,1,2,3,4,Yes,48,No
E1440,31,31-40,Male,Finance,Engineer,95532,High Salary,11,4,4,3,4,2,Yes,29,No
E1441,54,51+,Male,Finance,Analyst,64104,Medium Salary,33,4,1,1,4,5,No,27,No
E1442,52,51+,Female,HR,HR Specialist,56621,Medium Salary,32,3,2,2,1,4,No,18,No
E1443,52,51+,Female,Research & Development,Engineer,92231,High Salary,29,1,2,5,5,2,No,40,No
E1444,56,51+,Female,HR,Sales Executive,83388,High Salary,30,2,3,3,2,4,No,10,No
E1445,31,31-40,Female,Sales,Executive,31014,Low Salary,9,3,4,5,1,5,Yes,42,No
E1446,22,20-30,Male,Research & Development,HR Specialist,107578,High Salary,1,4,5,3,2,4,No,5,No
E1447,20,20-30,Female,Sales,Manager,48755,Medium Salary,0,1,4,2,1,3,No,10,No
E1448,52,51+,Female,IT,Engineer,55390,Medium Salary,28,5,2,1,5,5,Yes,50,No
E1449,59,51+,Male,Sales,Engineer,38711,Low Salary,38,2,5,5,1,4,No,21,No
E1450,29,20-30,Male,IT,HR Specialist,106658,High Salary,3,4,4,3,2,1,Yes,24,Yes
E1451,48,41-50,Female,IT,HR Specialist,72993,Medium Salary,21,3,4,4,4,4,Yes,38,No
E1452,32,31-40,Male,Sales,Analyst,89696,High Salary,11,1,5,2,2,3,Yes,3,No
E1453,31,31-40,Female,Sales,Sales Executive,42213,Medium Salary,4,2,2,1,3,2,Yes,40,Yes
E1454,50,41-50,Female,IT,Analyst,119956,High Salary,24,1,4,2,3,2,Yes,31,Yes
E1455,21,20-30,Male,Research & Development,Analyst,72784,Medium Salary,1,5,5,4,3,2,No,41,No
E1456,54,51+,Male,IT,Sales Executive,22421,Low Salary,28,3,2,1,3,1,No,37,Yes
E1457,42,41-50,Female,Finance,Manager,101936,High Salary,21,1,5,4,5,3,No,2,Yes
E1458,36,31-40,Female,IT,Analyst,114073,High Salary,12,4,5,2,4,5,Yes,2,No
E1459,45,41-50,Female,Research & Development,Analyst,32727,Low Salary,20,3,4,3,4,2,Yes,39,Yes
E1460,27,20-30,Male,Finance,Engineer,19358,Low Salary,6,4,2,2,2,3,No,49,No
E1461,48,41-50,Female,HR,Sales Executive,80108,High Salary,22,1,4,2,1,4,No,42,No
E1462,45,41-50,Female,HR,Executive,109018,High Salary,20,3,1,2,2,1,Yes,44,No
E1463,29,20-30,Female,Research & Development,Manager,47117,Medium Salary,3,4,1,5,2,3,No,34,No
E1464,45,41-50,Female,IT,Manager,103700,High Salary,21,5,2,4,2,3,No,42,No
E1465,53,51+,Female,Sales,Sales Executive,46910,Medium Salary,27,5,5,4,2,5,No,20,No
E1466,60,51+,Male,Research & Development,HR Specialist,113032,High Salary,40,1,4,4,4,3,No,33,No
E1467,26,20-30,Female,Finance,HR Specialist,70754,Medium Salary,4,3,4,5,1,5,Yes,4,No
E1468,23,20-30,Female,Finance,Engineer,77438,Medium Salary,0,2,2,3,2,1,No,45,No
E1469,30,20-30,Female,HR,Engineer,44371,Medium Salary,3,3,2,2,4,1,Yes,44,No
E1470,48,41-50,Female,Finance,Sales Executive,66501,Medium Salary,27,5,1,3,2,4,No,11,No
E1471,55,51+,Male,Research & Development,Engineer,75946,Medium Salary,33,4,3,5,3,5,Yes,42,No
E1472,44,41-50,Male,Finance,Manager,53467,Medium Salary,18,2,2,4,2,5,No,47,No
E1473,40,31-40,Male,Research & Development,Manager,32625,Low Salary,16,1,3,2,2,2,Yes,5,No
E1474,55,51+,Female,Sales,Executive,48893,Medium Salary,34,2,2,1,5,2,No,25,No
E1475,29,20-30,Female,HR,HR Specialist,91329,High Salary,3,1,5,1,3,4,No,49,No
E1476,56,51+,Male,Finance,Sales Executive,46007,Medium Salary,31,2,5,3,1,1,No,37,Yes
E1477,28,20-30,Male,Research & Development,Analyst,106302,High Salary,5,1,1,4,2,2,No,34,No
E1478,43,41-50,Male,IT,HR Specialist,54532,Medium Salary,17,1,1,1,1,3,No,9,No
E1479,54,51+,Female,HR,Analyst,69253,Medium Salary,32,2,3,3,3,1,No,6,No
E1480,54,51+,Female,Sales,Executive,27323,Low Salary,33,2,2,5,2,3,No,18,Yes
E1481,55,51+,Male,Research & Development,Executive,88379,High Salary,33,1,4,3,5,5,No,14,No
E1482,37,31-40,Male,Sales,Engineer,29210,Low Salary,16,5,1,3,4,1,No,19,No
E1483,58,51+,Male,Sales,Executive,31456,Low Salary,32,2,4,3,5,4,No,14,No
E1484,51,51+,Female,Finance,Executive,46367,Medium Salary,31,3,4,2,5,5,No,40,No
E1485,43,41-50,Female,Finance,Analyst,69624,Medium Salary,18,4,2,3,4,5,No,17,No
E1486,42,41-50,Female,Research & Development,Engineer,25106,Low Salary,16,1,3,3,4,3,No,35,No
E1487,51,51+,Male,IT,Executive,118493,High Salary,24,1,2,2,4,5,No,29,No
E1488,56,51+,Male,Research & Development,HR Specialist,83008,High Salary,34,4,1,2,2,2,No,42,No
E1489,31,31-40,Female,IT,Executive,87240,High Salary,8,5,4,5,1,1,Yes,17,No
E1490,32,31-40,Male,Sales,Engineer,79315,Medium Salary,9,4,2,4,1,2,No,43,No
E1491,42,41-50,Female,HR,Sales Executive,84249,High Salary,18,2,2,1,4,3,No,8,No
E1492,44,41-50,Male,Research & Development,Engineer,85587,High Salary,23,4,2,1,5,3,No,1,Yes
E1493,54,51+,Male,Research & Development,Analyst,25756,Low Salary,32,1,1,3,3,1,No,45,No
E1494,60,51+,Male,IT,Sales Executive,83011,High Salary,36,4,3,5,4,5,Yes,36,No
E1495,49,41-50,Male,Sales,HR Specialist,51378,Medium Salary,27,3,2,3,5,4,No,7,No
E1496,36,31-40,Female,Sales,Manager,19255,Low Salary,9,2,1,1,5,3,No,46,No
E1497,39,31-40,Male,IT,Engineer,29484,Low Salary,18,4,4,2,2,1,No,5,No
E1498,44,41-50,Female,Sales,Analyst,71549,Medium Salary,18,1,5,4,2,4,Yes,24,No
E1499,41,41-50,Female,Finance,HR Specialist,49503,Medium Salary,15,2,1,5,1,5,No,28,No
E1500,32,31-40,Female,HR,Sales Executive,88794,High Salary,9,1,5,2,1,3,No,43,No
E1501,38,31-40,Male,Research & Development,HR Specialist,115732,High Salary,12,5,2,4,3,1,Yes,17,No
E1502,55,51+,Female,HR,Engineer,60113,Medium Salary,29,3,2,5,3,1,Yes,37,Yes
E1503,31,31-40,Female,Research & Development,Executive,89069,High Salary,4,5,1,5,3,1,Yes,20,No
E1504,60,51+,Female,Finance,Engineer,113117,High Salary,40,3,5,1,3,3,No,3,No
E1505,38,31-40,Male,Sales,Manager,20249,Low Salary,15,4,2,2,5,4,Yes,37,No
E1506,31,31-40,Male,IT,Engineer,34201,Low Salary,7,2,4,5,5,1,Yes,26,No
E1507,28,20-30,Female,Finance,Sales Executive,73576,Medium Salary,3,4,3,5,1,5,No,15,No
E1508,26,20-30,Male,HR,Sales Executive,24686,Low Salary,6,3,3,4,2,1,Yes,48,Yes
E1509,47,41-50,Female,IT,Engineer,68363,Medium Salary,23,3,2,1,2,4,Yes,8,No
E1510,33,31-40,Female,Sales,Sales Executive,112543,High Salary,12,3,5,3,4,3,No,13,No
E1511,50,41-50,Male,Finance,Executive,15661,Low Salary,30,1,2,1,5,1,No,48,No
E1512,38,31-40,Female,IT,HR Specialist,59843,Medium Salary,11,2,5,3,3,1,No,3,No
E1513,35,31-40,Male,Finance,Engineer,110673,High Salary,11,4,4,2,3,5,No,1,No
E1514,24,20-30,Male,Finance,Executive,75963,Medium Salary,3,4,5,2,4,5,No,9,Yes
E1515,54,51+,Female,Sales,HR Specialist,57828,Medium Salary,31,5,2,5,2,1,No,31,No
E1516,31,31-40,Male,Research & Development,HR Specialist,63604,Medium Salary,6,3,4,2,3,1,Yes,41,No
E1517,44,41-50,Male,IT,Executive,25526,Low Salary,23,3,1,5,2,5,Yes,26,No
E1518,40,31-40,Female,Sales,Analyst,83910,High Salary,14,3,3,1,4,4,No,17,No
E1519,55,51+,Female,Finance,Engineer,40592,Medium Salary,33,4,2,2,2,2,No,34,No
E1520,42,41-50,Male,Sales,HR Specialist,43982,Medium Salary,21,5,2,1,2,2,No,9,No
E1521,35,31-40,Male,Research & Development,HR Specialist,15207,Low Salary,14,1,2,1,2,1,No,13,Yes
E1522,58,51+,Female,IT,Sales Executive,115969,High Salary,33,2,4,2,3,5,No,5,No
E1523,58,51+,Male,Research & Development,HR Specialist,103733,High Salary,36,1,1,1,1,3,Yes,41,No
E1524,33,31-40,Male,HR,Executive,113936,High Salary,7,4,5,2,5,3,Yes,13,No
E1525,50,41-50,Male,IT,HR Specialist,83619,High Salary,26,3,1,2,2,2,No,1,No
E1526,24,20-30,Male,Research & Development,Analyst,44328,Medium Salary,0,2,4,2,2,4,No,25,Yes
E1527,54,51+,Male,Finance,Engineer,61479,Medium Salary,33,4,2,3,2,2,No,47,No
E1528,42,41-50,Male,IT,Engineer,35103,Low Salary,15,4,3,1,1,1,Yes,4,No
E1529,48,41-50,Male,IT,HR Specialist,54891,Medium Salary,21,4,2,4,4,4,No,36,No
E1530,30,20-30,Female,Sales,Manager,25754,Low Salary,8,2,5,2,3,3,No,10,No
E1531,37,31-40,Female,Finance,Manager,114983,High Salary,15,2,3,1,1,5,Yes,28,No
E1532,31,31-40,Female,HR,Executive,96437,High Salary,5,5,2,5,2,5,No,6,No
E1533,28,20-30,Female,Research & Development,Manager,113540,High Salary,3,5,3,2,1,1,No,27,No
E1534,29,20-30,Female,Sales,Executive,87982,High Salary,6,1,1,2,1,2,Yes,12,No
E1535,36,31-40,Male,Research & Development,Sales Executive,117747,High Salary,12,2,4,4,1,1,No,48,No
E1536,57,51+,Male,HR,Executive,70922,Medium Salary,32,2,2,3,4,5,Yes,3,Yes
E1537,26,20-30,Male,HR,Manager,63231,Medium Salary,6,2,5,3,5,3,No,46,Yes
E1538,32,31-40,Male,IT,HR Specialist,44301,Medium Salary,8,5,1,2,3,5,Yes,33,No
E1539,59,51+,Female,HR,Sales Executive,106652,High Salary,34,4,2,1,4,4,No,10,No
E1540,28,20-30,Male,Research & Development,Manager,77711,Medium Salary,4,3,1,5,4,5,No,31,No
E1541,46,41-50,Male,Finance,Executive,56323,Medium Salary,23,5,5,5,5,5,No,15,No
E1542,21,20-30,Female,Finance,Analyst,33752,Low Salary,1,2,2,1,4,4,No,7,No
E1543,24,20-30,Male,IT,Engineer,112912,High Salary,0,5,5,2,1,2,No,36,No
E1544,48,41-50,Male,Research & Development,Manager,97205,High Salary,21,1,3,5,1,5,No,14,No
E1545,56,51+,Female,Research & Development,Executive,113452,High Salary,33,2,5,3,2,1,No,48,No
E1546,57,51+,Male,HR,Sales Executive,28395,Low Salary,31,1,3,1,4,5,No,14,No
E1547,38,31-40,Male,Research & Development,Manager,100957,High Salary,18,2,2,4,2,1,No,3,No
E1548,27,20-30,Male,Sales,Manager,71273,Medium Salary,6,5,3,2,3,4,No,49,No
E1549,20,20-30,Male,HR,Engineer,106878,High Salary,0,4,2,1,1,5,No,46,No
E1550,41,41-50,Male,Sales,Executive,19895,Low Salary,21,3,2,5,3,4,No,50,No
E1551,36,31-40,Female,IT,Analyst,91559,High Salary,10,1,4,2,5,4,No,3,No
E1552,26,20-30,Female,Finance,Sales Executive,25699,Low Salary,0,5,2,3,1,2,Yes,22,No
E1553,44,41-50,Female,IT,Executive,80061,High Salary,21,4,3,2,3,5,Yes,19,No
E1554,23,20-30,Female,Finance,Sales Executive,24715,Low Salary,0,5,4,2,5,1,Yes,35,Yes
E1555,55,51+,Female,IT,Manager,34169,Low Salary,35,1,4,3,3,1,No,12,No
E1556,25,20-30,Female,Research & Development,Engineer,31163,Low Salary,0,3,2,3,5,5,No,5,No
E1557,50,41-50,Male,Sales,Engineer,20782,Low Salary,30,5,5,2,5,2,No,10,No
E1558,38,31-40,Female,Finance,HR Specialist,103177,High Salary,16,2,5,3,1,2,No,41,Yes
E1559,58,51+,Female,HR,Analyst,99328,High Salary,34,4,4,1,2,2,No,33,No
E1560,46,41-50,Male,Sales,Engineer,50585,Medium Salary,21,5,2,3,5,1,No,13,Yes
E1561,29,20-30,Male,HR,Manager,45682,Medium Salary,2,4,5,3,5,4,Yes,35,No
E1562,45,41-50,Female,Sales,Analyst,62864,Medium Salary,20,2,2,2,1,2,Yes,32,No
E1563,38,31-40,Male,Sales,Executive,99416,High Salary,17,3,2,1,2,1,No,11,No
E1564,58,51+,Female,IT,Engineer,70114,Medium Salary,35,3,4,4,4,1,No,48,No
E1565,22,20-30,Male,Finance,Analyst,53067,Medium Salary,1,2,4,4,4,4,No,38,No
E1566,32,31-40,Female,Finance,Manager,57685,Medium Salary,7,4,1,5,2,5,Yes,24,No
E1567,47,41-50,Male,Sales,HR Specialist,33073,Low Salary,23,5,5,3,3,5,No,35,Yes
E1568,39,31-40,Male,Research & Development,Sales Executive,51035,Medium Salary,19,2,5,3,1,2,Yes,19,No
E1569,47,41-50,Female,Research & Development,Sales Executive,79977,Medium Salary,20,1,5,1,2,2,Yes,6,Yes
E1570,27,20-30,Female,HR,Manager,117710,High Salary,7,4,3,4,4,4,Yes,40,No
E1571,60,51+,Female,HR,Manager,105373,High Salary,36,3,2,5,5,2,Yes,45,No
E1572,58,51+,Female,IT,Sales Executive,98362,High Salary,33,2,4,1,4,4,Yes,44,No
E1573,20,20-30,Female,Sales,HR Specialist,105517,High Salary,0,3,5,3,5,1,Yes,42,No
E1574,22,20-30,Male,HR,Analyst,80450,High Salary,2,4,1,4,1,2,No,35,Yes
E1575,32,31-40,Female,HR,Sales Executive,25382,Low Salary,6,3,5,5,5,1,Yes,4,No
E1576,47,41-50,Female,Sales,Manager,19437,Low Salary,27,2,2,2,2,3,Yes,33,No
E1577,44,41-50,Male,IT,Engineer,85971,High Salary,24,4,2,4,5,4,Yes,13,No
E1578,52,51+,Male,HR,Executive,79612,Medium Salary,25,1,4,5,3,3,No,36,No
E1579,57,51+,Female,IT,HR Specialist,105355,High Salary,34,2,3,1,2,2,Yes,43,No
E1580,25,20-30,Male,Finance,HR Specialist,76929,Medium Salary,2,5,4,2,1,1,No,19,No
E1581,51,51+,Male,IT,Engineer,117411,High Salary,29,2,5,5,2,2,No,43,No
E1582,40,31-40,Female,Research & Development,Engineer,112518,High Salary,19,4,1,5,3,3,Yes,12,No
E1583,35,31-40,Male,Research & Development,Manager,113864,High Salary,11,2,4,3,1,2,No,11,No
E1584,40,31-40,Male,IT,Sales Executive,27329,Low Salary,16,1,3,4,4,5,Yes,6,Yes
E1585,30,20-30,Female,Research & Development,Analyst,40169,Medium Salary,6,1,4,3,3,3,No,12,Yes
E1586,56,51+,Female,Finance,HR Specialist,102468,High Salary,34,5,2,2,1,2,No,27,No
E1587,55,51+,Male,Sales,HR Specialist,49594,Medium Salary,32,3,5,5,5,1,Yes,41,Yes
E1588,54,51+,Male,Research & Development,Engineer,91957,High Salary,29,4,5,3,2,2,Yes,25,No
E1589,38,31-40,Female,Research & Development,Sales Executive,75631,Medium Salary,12,4,5,4,1,1,No,42,No
E1590,39,31-40,Male,IT,HR Specialist,60033,Medium Salary,12,3,5,2,2,5,No,3,No
E1591,37,31-40,Male,Finance,Analyst,78133,Medium Salary,11,1,5,1,5,2,Yes,3,No
E1592,60,51+,Male,Sales,Engineer,88165,High Salary,35,1,5,3,1,5,No,20,No
E1593,33,31-40,Female,IT,Analyst,88861,High Salary,6,2,1,2,4,3,No,28,Yes
E1594,34,31-40,Male,IT,Sales Executive,67290,Medium Salary,12,5,3,1,3,1,No,23,No
E1595,50,41-50,Male,Finance,HR Specialist,109031,High Salary,25,5,5,3,1,3,Yes,48,No
E1596,20,20-30,Female,Sales,Executive,46750,Medium Salary,0,5,3,2,5,1,No,3,No
E1597,22,20-30,Male,Finance,HR Specialist,110155,High Salary,1,2,5,2,1,5,No,42,No
E1598,35,31-40,Male,Sales,Sales Executive,55461,Medium Salary,15,5,4,3,2,4,Yes,24,Yes
E1599,42,41-50,Female,Finance,HR Specialist,88800,High Salary,16,3,5,2,1,2,No,43,No
E1600,30,20-30,Female,IT,HR Specialist,93222,High Salary,7,2,2,5,4,5,No,40,Yes
E1601,31,31-40,Female,IT,Manager,39226,Low Salary,8,3,1,3,1,1,No,6,Yes
E1602,29,20-30,Female,HR,HR Specialist,21721,Low Salary,7,2,4,2,3,1,Yes,20,No
E1603,51,51+,Male,Research & Development,HR Specialist,71154,Medium Salary,24,5,4,1,1,1,No,11,No
E1604,35,31-40,Male,Finance,Analyst,35609,Low Salary,12,3,2,1,2,1,No,32,No
E1605,27,20-30,Female,HR,Executive,67130,Medium Salary,3,3,5,5,1,2,No,27,No
E1606,57,51+,Female,Research & Development,Analyst,87909,High Salary,31,3,1,3,4,3,Yes,21,No
E1607,31,31-40,Male,Finance,Analyst,119211,High Salary,6,2,4,2,5,4,No,44,No
E1608,43,41-50,Female,Sales,Engineer,70249,Medium Salary,19,4,1,2,1,2,No,48,No
E1609,47,41-50,Male,Research & Development,Manager,63895,Medium Salary,25,5,4,1,1,1,Yes,50,No
E1610,27,20-30,Female,IT,Analyst,109473,High Salary,3,3,5,5,3,2,No,13,No
E1611,47,41-50,Male,HR,Sales Executive,20656,Low Salary,22,4,4,1,4,5,No,22,No
E1612,55,51+,Female,Research & Development,Sales Executive,89520,High Salary,34,5,4,1,5,1,Yes,35,No
E1613,45,41-50,Female,Research & Development,HR Specialist,78740,Medium Salary,23,5,3,5,2,4,No,47,No
E1614,27,20-30,Male,IT,Engineer,79309,Medium Salary,6,3,5,3,1,1,No,22,No
E1615,47,41-50,Female,Finance,Manager,44984,Medium Salary,27,3,2,2,5,4,Yes,28,No
E1616,47,41-50,Male,Sales,Manager,88822,High Salary,26,2,2,3,2,4,Yes,21,No
E1617,56,51+,Male,IT,HR Specialist,20901,Low Salary,36,4,5,4,4,3,Yes,46,No
E1618,60,51+,Male,Sales,Sales Executive,46552,Medium Salary,40,4,2,4,4,3,Yes,18,No
E1619,55,51+,Male,Finance,Executive,106245,High Salary,34,3,5,4,5,2,No,31,No
E1620,46,41-50,Male,Research & Development,Engineer,46055,Medium Salary,24,5,2,5,2,2,Yes,46,No
E1621,36,31-40,Female,Sales,HR Specialist,52685,Medium Salary,9,3,3,1,4,4,No,37,No
E1622,28,20-30,Female,HR,Engineer,88965,High Salary,3,5,2,3,5,1,No,21,No
E1623,52,51+,Male,HR,Sales Executive,29716,Low Salary,28,5,4,2,4,5,Yes,14,No
E1624,39,31-40,Female,IT,Sales Executive,26138,Low Salary,15,3,5,4,4,5,No,25,No
E1625,32,31-40,Male,Finance,Executive,50298,Medium Salary,7,1,1,3,4,1,No,27,Yes
E1626,47,41-50,Female,IT,Executive,66112,Medium Salary,21,4,1,4,3,1,No,40,No
E1627,48,41-50,Female,IT,Manager,38429,Low Salary,22,5,5,4,2,3,Yes,23,No
E1628,32,31-40,Female,IT,Engineer,65200,Medium Salary,12,5,3,2,5,5,Yes,31,No
E1629,54,51+,Female,HR,Engineer,86308,High Salary,34,1,2,5,5,4,No,47,No
E1630,25,20-30,Male,HR,Sales Executive,63244,Medium Salary,3,2,3,1,2,2,No,29,No
E1631,37,31-40,Male,IT,Manager,116268,High Salary,14,1,1,5,2,3,No,47,No
E1632,24,20-30,Female,HR,HR Specialist,32347,Low Salary,3,1,5,3,2,5,No,30,Yes
E1633,44,41-50,Female,Finance,Engineer,31920,Low Salary,24,5,5,5,2,1,Yes,26,No
E1634,21,20-30,Male,IT,Manager,46822,Medium Salary,0,4,3,3,1,5,No,20,No
E1635,29,20-30,Female,HR,Manager,61659,Medium Salary,7,1,3,3,5,4,Yes,38,No
E1636,49,41-50,Male,Sales,Sales Executive,55108,Medium Salary,28,2,2,1,1,3,Yes,19,Yes
E1637,24,20-30,Male,IT,Manager,104099,High Salary,2,3,4,2,4,1,No,27,No
E1638,52,51+,Male,IT,Executive,22967,Low Salary,31,1,4,1,4,4,Yes,25,Yes
E1639,20,20-30,Female,Finance,Executive,26871,Low Salary,0,1,2,5,5,2,No,40,No
E1640,37,31-40,Male,Research & Development,Analyst,109299,High Salary,12,2,4,3,4,3,No,38,Yes
E1641,51,51+,Female,Research & Development,Sales Executive,92452,High Salary,31,4,1,4,2,4,Yes,23,No
E1642,30,20-30,Male,Finance,HR Specialist,89270,High Salary,3,1,4,4,1,4,No,29,No
E1643,40,31-40,Female,Finance,Analyst,48613,Medium Salary,18,1,2,3,2,1,No,15,No
E1644,45,41-50,Female,Finance,Executive,43179,Medium Salary,18,4,4,1,4,2,No,3,Yes
E1645,44,41-50,Female,Research & Development,Analyst,67188,Medium Salary,22,2,5,2,1,4,Yes,10,No
E1646,41,41-50,Male,Finance,Sales Executive,70099,Medium Salary,16,1,3,1,2,3,Yes,15,Yes
E1647,46,41-50,Male,HR,Sales Executive,50262,Medium Salary,22,4,1,3,5,4,No,16,No
E1648,32,31-40,Female,IT,Manager,93213,High Salary,5,1,5,3,2,5,Yes,17,No
E1649,52,51+,Female,IT,Engineer,33268,Low Salary,28,3,5,2,4,3,Yes,19,No
E1650,53,51+,Female,Sales,Manager,92866,High Salary,27,5,2,5,1,3,No,11,No
E1651,60,51+,Male,Sales,Sales Executive,101269,High Salary,40,3,3,5,5,4,Yes,48,Yes
E1652,54,51+,Male,IT,Executive,75545,Medium Salary,34,1,3,2,1,1,No,5,No
E1653,20,20-30,Male,HR,HR Specialist,118483,High Salary,0,2,1,5,5,3,Yes,5,No
E1654,40,31-40,Male,Research & Development,Executive,107822,High Salary,15,5,2,4,1,5,No,14,No
E1655,25,20-30,Female,Research & Development,Manager,87146,High Salary,1,3,1,5,4,1,No,50,No
E1656,47,41-50,Female,HR,HR Specialist,86966,High Salary,26,4,4,5,5,1,Yes,26,No
E1657,36,31-40,Male,Research & Development,Sales Executive,54922,Medium Salary,14,2,5,5,3,1,Yes,8,Yes
E1658,24,20-30,Male,Finance,Executive,94364,High Salary,4,3,1,4,1,3,No,5,No
E1659,50,41-50,Female,IT,Sales Executive,57913,Medium Salary,23,4,5,5,1,1,No,7,No
E1660,24,20-30,Male,IT,HR Specialist,112033,High Salary,2,1,2,4,2,4,No,16,No
E1661,57,51+,Male,HR,HR Specialist,119792,High Salary,35,4,4,2,5,1,Yes,14,No
E1662,22,20-30,Male,Research & Development,Executive,70677,Medium Salary,0,3,2,1,3,5,Yes,37,No
E1663,42,41-50,Male,Sales,Sales Executive,117154,High Salary,18,3,4,2,4,2,No,41,Yes
E1664,56,51+,Male,Sales,Analyst,64841,Medium Salary,36,1,4,1,2,5,No,4,No
E1665,56,51+,Male,Research & Development,Sales Executive,61332,Medium Salary,34,4,5,2,3,3,No,36,No
E1666,29,20-30,Female,Sales,HR Specialist,107062,High Salary,9,4,2,1,5,1,No,48,No
E1667,29,20-30,Male,HR,Sales Executive,110694,High Salary,8,1,2,1,3,1,No,17,No
E1668,38,31-40,Male,HR,Manager,40032,Medium Salary,15,4,1,3,1,4,No,47,No
E1669,36,31-40,Female,Research & Development,Analyst,52846,Medium Salary,15,1,2,1,1,1,Yes,36,No
E1670,40,31-40,Female,Sales,Engineer,74474,Medium Salary,20,2,1,1,2,5,No,6,No
E1671,33,31-40,Female,HR,Manager,59936,Medium Salary,7,3,3,3,5,3,No,16,Yes
E1672,28,20-30,Male,HR,Engineer,44794,Medium Salary,1,2,3,5,5,2,Yes,29,No
E1673,20,20-30,Female,Finance,Executive,76588,Medium Salary,0,5,3,5,3,1,No,36,No
E1674,32,31-40,Male,Finance,Engineer,85984,High Salary,8,5,2,3,2,2,No,38,No
E1675,23,20-30,Male,HR,Sales Executive,65331,Medium Salary,1,5,2,4,5,1,No,37,No
E1676,20,20-30,Male,Research & Development,Engineer,109397,High Salary,0,1,1,1,1,3,No,48,No
E1677,59,51+,Female,IT,HR Specialist,43141,Medium Salary,38,4,4,1,3,5,No,48,Yes
E1678,51,51+,Female,IT,Manager,24074,Low Salary,24,2,1,3,4,3,Yes,10,No
E1679,53,51+,Female,HR,Manager,21406,Low Salary,30,2,3,3,1,2,No,41,No
E1680,47,41-50,Female,HR,Engineer,112359,High Salary,21,2,1,4,2,1,No,36,No
E1681,50,41-50,Female,HR,Manager,38291,Low Salary,25,2,4,5,5,2,No,29,No
E1682,27,20-30,Male,Research & Development,HR Specialist,56568,Medium Salary,0,5,2,2,1,5,Yes,14,No
E1683,58,51+,Male,Finance,Manager,112539,High Salary,36,2,1,5,4,3,Yes,4,Yes
E1684,45,41-50,Male,HR,Engineer,61851,Medium Salary,21,4,3,1,4,2,No,44,No
E1685,53,51+,Male,HR,Analyst,114942,High Salary,26,5,3,3,2,2,No,42,No
E1686,22,20-30,Female,Sales,Analyst,69823,Medium Salary,1,2,2,4,1,5,No,36,No
E1687,31,31-40,Female,Research & Development,Executive,38312,Low Salary,10,1,1,5,3,1,No,50,No
E1688,20,20-30,Male,HR,Manager,58108,Medium Salary,0,3,4,4,1,2,No,45,No
E1689,24,20-30,Female,Sales,Engineer,81918,High Salary,0,3,2,5,4,5,No,13,No
E1690,49,41-50,Female,IT,Manager,49171,Medium Salary,26,3,1,1,2,1,No,46,No
E1691,49,41-50,Male,HR,Sales Executive,56779,Medium Salary,22,5,5,2,2,1,No,18,No
E1692,36,31-40,Male,HR,HR Specialist,83828,High Salary,12,2,3,4,3,3,No,33,No
E1693,42,41-50,Female,Sales,Manager,113723,High Salary,19,5,4,4,2,5,No,21,No
E1694,34,31-40,Female,Research & Development,Manager,27411,Low Salary,10,4,4,2,2,1,No,16,No
E1695,56,51+,Male,HR,Analyst,117821,High Salary,32,1,4,4,2,3,No,15,No
E1696,40,31-40,Male,IT,HR Specialist,72009,Medium Salary,20,1,3,4,2,4,Yes,5,No
E1697,33,31-40,Male,HR,Engineer,30422,Low Salary,12,3,1,5,2,5,No,6,No
E1698,21,20-30,Female,IT,Manager,57468,Medium Salary,0,3,2,5,4,4,Yes,38,Yes
E1699,30,20-30,Male,Finance,Analyst,47371,Medium Salary,6,3,1,2,1,1,No,3,Yes
E1700,58,51+,Male,Finance,Executive,72022,Medium Salary,31,2,2,1,5,5,No,48,Yes
E1701,57,51+,Female,IT,HR Specialist,86229,High Salary,32,4,4,4,2,3,No,12,No
E1702,53,51+,Female,Research & Development,Analyst,114071,High Salary,29,4,1,1,5,1,No,36,Yes
E1703,57,51+,Female,HR,Analyst,66196,Medium Salary,35,4,4,2,5,5,Yes,33,Yes
E1704,53,51+,Female,HR,Analyst,95354,High Salary,32,4,5,2,4,5,No,36,No
E1705,37,31-40,Female,Finance,Manager,111774,High Salary,15,3,4,5,2,4,No,33,No
E1706,49,41-50,Male,IT,Manager,111410,High Salary,22,1,4,4,5,1,No,31,Yes
E1707,34,31-40,Male,HR,Executive,41715,Medium Salary,7,3,2,3,2,3,Yes,21,No
E1708,46,41-50,Female,HR,Sales Executive,42605,Medium Salary,25,4,5,2,3,3,No,27,No
E1709,53,51+,Female,Research & Development,Sales Executive,114853,High Salary,26,3,4,4,3,1,No,27,No
E1710,57,51+,Female,Sales,Sales Executive,46174,Medium Salary,35,4,4,1,3,1,No,8,No
E1711,52,51+,Female,Finance,HR Specialist,24956,Low Salary,28,5,5,5,5,2,No,37,No
E1712,43,41-50,Female,Finance,HR Specialist,119444,High Salary,19,1,5,1,3,4,No,32,No
E1713,34,31-40,Male,Sales,Executive,91373,High Salary,14,5,1,2,4,1,No,26,No
E1714,49,41-50,Male,HR,HR Specialist,84252,High Salary,24,2,2,2,4,1,No,2,No
E1715,36,31-40,Male,Research & Development,Sales Executive,76949,Medium Salary,9,3,5,1,5,2,No,12,No
E1716,24,20-30,Male,Research & Development,Sales Executive,77646,Medium Salary,2,2,5,2,2,2,Yes,22,No
E1717,48,41-50,Female,Finance,Analyst,85017,High Salary,21,3,3,4,1,5,No,17,No
E1718,23,20-30,Male,Research & Development,HR Specialist,78037,Medium Salary,0,5,5,2,2,3,No,7,No
E1719,29,20-30,Female,Sales,Manager,104818,High Salary,6,4,2,5,2,4,Yes,43,No
E1720,36,31-40,Female,HR,Manager,21548,Low Salary,16,4,4,4,2,5,Yes,4,No
E1721,29,20-30,Female,Sales,Analyst,118141,High Salary,7,3,4,3,2,1,No,37,No
E1722,36,31-40,Male,IT,Analyst,88294,High Salary,14,4,4,2,1,2,Yes,38,No
E1723,39,31-40,Female,Finance,Analyst,38177,Low Salary,12,5,4,2,3,3,No,32,No
E1724,43,41-50,Male,Research & Development,Manager,39022,Low Salary,23,4,3,5,2,5,Yes,11,No
E1725,24,20-30,Male,IT,Sales Executive,20542,Low Salary,0,5,5,5,4,3,Yes,1,No
E1726,53,51+,Female,Research & Development,Analyst,106012,High Salary,31,2,4,1,5,2,Yes,25,No
E1727,25,20-30,Female,HR,Executive,111320,High Salary,1,5,1,1,5,5,Yes,42,No
E1728,21,20-30,Female,HR,Analyst,75428,Medium Salary,1,1,4,1,4,5,No,24,No
E1729,32,31-40,Male,HR,Engineer,37740,Low Salary,8,1,5,5,2,3,No,43,No
E1730,30,20-30,Female,Research & Development,Analyst,74353,Medium Salary,9,1,4,1,1,2,Yes,17,Yes
E1731,42,41-50,Male,IT,Manager,105353,High Salary,19,3,3,1,3,1,No,8,No
E1732,35,31-40,Female,HR,HR Specialist,71532,Medium Salary,9,3,2,3,5,5,No,45,No
E1733,50,41-50,Female,IT,Analyst,31052,Low Salary,28,3,2,1,3,1,No,27,No
E1734,30,20-30,Male,Research & Development,HR Specialist,115689,High Salary,5,5,5,2,1,2,No,18,No
E1735,35,31-40,Male,IT,Engineer,62076,Medium Salary,12,3,2,5,5,5,No,27,No
E1736,27,20-30,Male,Research & Development,Executive,68420,Medium Salary,1,2,2,4,3,5,No,22,No
E1737,23,20-30,Male,Research & Development,HR Specialist,15671,Low Salary,0,1,1,3,1,1,No,16,No
E1738,59,51+,Male,Finance,Sales Executive,15163,Low Salary,37,5,5,5,3,4,Yes,2,No
E1739,23,20-30,Male,Research & Development,Analyst,56424,Medium Salary,0,1,5,5,2,1,No,5,No
E1740,44,41-50,Female,Research & Development,Engineer,68744,Medium Salary,23,3,2,2,1,1,No,18,No
E1741,22,20-30,Female,Sales,Engineer,85331,High Salary,2,5,2,1,3,4,No,3,No
E1742,51,51+,Male,HR,HR Specialist,25634,Low Salary,29,4,2,2,2,2,No,27,No
E1743,22,20-30,Female,Finance,Executive,19798,Low Salary,0,2,3,1,2,2,No,17,No
E1744,46,41-50,Male,Finance,Manager,37420,Low Salary,20,3,4,1,1,5,Yes,16,No
E1745,48,41-50,Female,Finance,Analyst,44300,Medium Salary,27,3,3,5,4,3,No,6,No
E1746,51,51+,Female,Sales,Engineer,104881,High Salary,30,2,5,1,5,3,No,7,No
E1747,38,31-40,Male,Research & Development,Executive,25749,Low Salary,11,2,1,3,1,5,No,50,No
E1748,40,31-40,Male,HR,Sales Executive,119131,High Salary,18,4,4,3,2,3,No,14,Yes
E1749,24,20-30,Male,IT,Engineer,40121,Medium Salary,0,3,1,3,2,1,No,38,No
E1750,37,31-40,Female,Research & Development,Executive,52487,Medium Salary,12,3,5,5,1,1,Yes,40,No
E1751,47,41-50,Male,Sales,Manager,108947,High Salary,21,1,5,2,4,4,No,15,Yes
E1752,41,41-50,Female,Research & Development,Manager,48361,Medium Salary,15,5,1,4,5,4,No,47,No
E1753,40,31-40,Male,Research & Development,Engineer,36223,Low Salary,19,5,1,1,3,5,No,47,No
E1754,25,20-30,Female,Sales,Engineer,87930,High Salary,2,1,1,4,1,5,Yes,48,No
E1755,20,20-30,Female,Finance,HR Specialist,29056,Low Salary,0,5,5,2,5,5,No,33,No
E1756,24,20-30,Male,Finance,Analyst,43380,Medium Salary,0,2,2,2,5,1,No,43,No
E1757,60,51+,Female,HR,Executive,41035,Medium Salary,36,5,1,5,2,3,No,27,No
E1758,31,31-40,Female,HR,Engineer,45620,Medium Salary,7,5,4,3,3,5,No,29,Yes
E1759,45,41-50,Male,Finance,Analyst,34877,Low Salary,22,1,5,3,1,5,No,37,No
E1760,53,51+,Female,IT,HR Specialist,70316,Medium Salary,27,4,3,2,2,1,Yes,5,Yes
E1761,33,31-40,Male,Research & Development,Analyst,79041,Medium Salary,12,5,3,5,2,1,Yes,29,No
E1762,45,41-50,Male,IT,Engineer,68352,Medium Salary,18,5,4,5,4,1,No,32,No
E1763,46,41-50,Male,Research & Development,Manager,45911,Medium Salary,22,4,2,1,5,3,No,6,No
E1764,28,20-30,Male,Finance,Executive,47784,Medium Salary,3,1,1,3,1,5,Yes,2,No
E1765,45,41-50,Female,HR,Executive,18191,Low Salary,23,4,5,2,1,2,Yes,6,No
E1766,41,41-50,Female,HR,Manager,48160,Medium Salary,21,1,1,4,1,2,Yes,46,No
E1767,49,41-50,Female,IT,Engineer,105536,High Salary,29,2,5,3,2,5,No,43,No
E1768,36,31-40,Male,HR,Executive,119576,High Salary,16,1,3,1,4,5,Yes,4,No
E1769,45,41-50,Female,Finance,Engineer,79641,Medium Salary,18,2,1,5,3,5,No,29,No
E1770,55,51+,Female,IT,HR Specialist,64723,Medium Salary,29,2,4,2,2,5,No,25,Yes
E1771,20,20-30,Male,Research & Development,Engineer,18631,Low Salary,0,1,2,3,3,3,Yes,9,No
E1772,27,20-30,Male,HR,Analyst,21172,Low Salary,4,3,4,4,4,2,No,3,No
E1773,54,51+,Female,Sales,Manager,57080,Medium Salary,27,1,2,1,5,4,Yes,26,No
E1774,34,31-40,Male,HR,Engineer,104097,High Salary,7,5,1,1,1,2,No,48,No
E1775,41,41-50,Male,Research & Development,HR Specialist,105353,High Salary,17,5,1,3,3,2,Yes,43,No
E1776,33,31-40,Male,IT,Sales Executive,35281,Low Salary,11,3,2,4,2,1,No,27,No
E1777,45,41-50,Male,Research & Development,Manager,43671,Medium Salary,18,2,3,1,3,5,No,36,Yes
E1778,47,41-50,Female,Sales,Executive,66431,Medium Salary,22,3,5,2,5,5,Yes,32,No
E1779,42,41-50,Male,Finance,Analyst,105900,High Salary,20,5,4,1,1,5,Yes,1,No
E1780,33,31-40,Male,HR,Executive,107961,High Salary,8,3,4,4,3,1,No,16,Yes
E1781,43,41-50,Male,IT,HR Specialist,43602,Medium Salary,17,1,4,5,5,3,Yes,48,No
E1782,21,20-30,Male,Finance,HR Specialist,103789,High Salary,0,3,1,5,2,3,No,11,No
E1783,45,41-50,Male,Research & Development,Executive,66399,Medium Salary,25,2,4,3,4,4,No,26,No
E1784,33,31-40,Male,IT,Manager,38472,Low Salary,6,1,5,4,2,3,No,40,No
E1785,26,20-30,Male,Finance,Executive,64230,Medium Salary,5,4,5,1,1,3,No,1,No
E1786,22,20-30,Male,IT,Engineer,88616,High Salary,0,5,2,1,2,5,No,26,No
E1787,42,41-50,Female,Sales,Executive,22099,Low Salary,19,5,1,5,2,2,No,28,Yes
E1788,37,31-40,Male,Sales,Analyst,40431,Medium Salary,14,3,5,5,2,3,No,9,No
E1789,57,51+,Female,HR,Analyst,71492,Medium Salary,31,1,3,2,2,3,Yes,44,Yes
E1790,54,51+,Male,HR,Sales Executive,111722,High Salary,29,4,1,5,1,1,Yes,22,No
E1791,34,31-40,Male,Sales,Analyst,62684,Medium Salary,10,1,1,2,5,4,No,8,No
E1792,44,41-50,Male,IT,Executive,45111,Medium Salary,20,5,5,1,3,1,No,49,No
E1793,56,51+,Male,Sales,Analyst,78936,Medium Salary,31,1,3,2,4,5,No,42,No
E1794,47,41-50,Female,HR,Manager,37614,Low Salary,24,4,2,2,3,2,Yes,27,No
E1795,29,20-30,Male,Sales,Analyst,107260,High Salary,6,3,5,3,3,4,No,39,No
E1796,58,51+,Male,Sales,Engineer,56991,Medium Salary,31,2,3,5,4,1,Yes,19,No
E1797,36,31-40,Female,IT,Manager,85476,High Salary,13,1,1,2,1,3,Yes,25,No
E1798,58,51+,Female,Finance,Sales Executive,75920,Medium Salary,37,2,3,1,4,3,No,38,No
E1799,41,41-50,Male,HR,Engineer,109294,High Salary,18,5,1,4,1,4,Yes,21,Yes
E1800,45,41-50,Female,IT,Executive,78530,Medium Salary,23,3,5,2,3,3,No,24,No
E1801,44,41-50,Female,Sales,Executive,51224,Medium Salary,17,3,5,5,1,1,No,24,No
E1802,36,31-40,Female,Sales,Executive,22788,Low Salary,16,1,4,3,5,1,No,19,Yes
E1803,32,31-40,Male,Finance,Engineer,43082,Medium Salary,9,3,4,1,4,3,No,50,No
E1804,39,31-40,Male,HR,Engineer,104570,High Salary,14,1,4,3,5,3,Yes,47,No
E1805,44,41-50,Male,HR,Engineer,116015,High Salary,24,1,5,4,3,5,Yes,2,No
E1806,23,20-30,Female,Research & Development,Manager,91816,High Salary,2,2,2,2,4,2,No,14,No
E1807,29,20-30,Male,HR,HR Specialist,98588,High Salary,4,3,5,2,3,4,No,32,No
E1808,22,20-30,Female,Finance,Manager,31531,Low Salary,2,1,3,5,5,1,No,42,No
E1809,60,51+,Male,Research & Development,Executive,103340,High Salary,35,2,5,2,3,4,Yes,32,No
E1810,37,31-40,Male,Research & Development,HR Specialist,109439,High Salary,16,4,5,1,4,5,No,28,Yes
E1811,55,51+,Female,Sales,Analyst,59857,Medium Salary,28,2,1,4,4,1,No,48,No
E1812,41,41-50,Male,Sales,Executive,25142,Low Salary,19,2,1,3,3,5,No,39,No
E1813,53,51+,Female,HR,Sales Executive,63355,Medium Salary,32,1,1,4,4,5,No,40,No
E1814,27,20-30,Female,Research & Development,Manager,24866,Low Salary,6,5,5,2,4,3,Yes,42,No
E1815,59,51+,Male,Sales,Engineer,85067,High Salary,34,5,2,3,3,4,Yes,47,No
E1816,38,31-40,Female,Finance,Manager,118634,High Salary,11,5,3,5,5,4,No,40,Yes
E1817,60,51+,Male,Sales,Engineer,118814,High Salary,34,2,3,4,4,3,No,13,No
E1818,56,51+,Male,Sales,HR Specialist,79027,Medium Salary,32,1,2,3,4,4,Yes,12,Yes
E1819,25,20-30,Female,Research & Development,Sales Executive,72906,Medium Salary,2,3,2,3,4,3,No,8,Yes
E1820,45,41-50,Male,Research & Development,HR Specialist,43138,Medium Salary,22,2,3,3,4,1,Yes,15,Yes
E1821,53,51+,Female,IT,Sales Executive,107601,High Salary,31,2,4,1,3,5,Yes,26,No
E1822,25,20-30,Male,Finance,Manager,44956,Medium Salary,3,1,1,4,5,5,Yes,12,No
E1823,56,51+,Male,Research & Development,Engineer,119797,High Salary,33,4,1,3,5,4,Yes,43,No
E1824,52,51+,Male,HR,HR Specialist,91295,High Salary,28,2,3,4,1,2,No,46,No
E1825,41,41-50,Male,Finance,Sales Executive,20439,Low Salary,18,4,2,3,4,5,No,27,Yes
E1826,40,31-40,Male,Finance,Executive,62241,Medium Salary,14,4,4,5,4,3,Yes,18,No
E1827,25,20-30,Female,Research & Development,Executive,57533,Medium Salary,1,5,3,5,1,2,Yes,45,No
E1828,25,20-30,Female,Finance,HR Specialist,43270,Medium Salary,3,1,1,5,5,2,No,36,No
E1829,23,20-30,Female,Research & Development,Engineer,93815,High Salary,3,4,5,2,2,5,Yes,49,No
E1830,49,41-50,Female,Sales,HR Specialist,54279,Medium Salary,24,1,2,3,2,5,No,27,Yes
E1831,30,20-30,Female,IT,Manager,38888,Low Salary,4,5,5,2,5,5,Yes,9,No
E1832,49,41-50,Female,Sales,Sales Executive,32630,Low Salary,23,1,3,4,4,3,No,39,No
E1833,50,41-50,Male,Research & Development,Manager,76063,Medium Salary,23,2,1,2,2,2,Yes,1,No
E1834,43,41-50,Male,Research & Development,Executive,50144,Medium Salary,21,4,4,4,3,4,Yes,7,No
E1835,28,20-30,Female,Sales,Sales Executive,67161,Medium Salary,6,1,5,4,3,3,Yes,26,No
E1836,22,20-30,Female,HR,HR Specialist,111718,High Salary,1,3,4,4,1,1,Yes,7,No
E1837,50,41-50,Male,HR,Manager,106074,High Salary,24,1,1,2,5,5,No,7,No
E1838,59,51+,Male,HR,Analyst,92360,High Salary,38,4,5,3,5,2,No,8,Yes
E1839,56,51+,Male,Research & Development,Engineer,65979,Medium Salary,35,5,4,2,2,3,Yes,16,No
E1840,55,51+,Female,Finance,Engineer,112661,High Salary,30,5,4,3,4,1,Yes,3,No
E1841,43,41-50,Female,Research & Development,Analyst,21979,Low Salary,22,4,5,3,5,3,No,45,No
E1842,50,41-50,Female,Finance,Executive,41189,Medium Salary,26,2,1,4,2,3,No,10,No
E1843,25,20-30,Male,Sales,Sales Executive,57600,Medium Salary,2,2,4,2,2,4,No,50,No
E1844,21,20-30,Male,IT,Engineer,74560,Medium Salary,1,5,3,3,5,4,No,7,No
E1845,39,31-40,Female,Finance,Analyst,93040,High Salary,17,5,5,5,2,3,No,21,No
E1846,47,41-50,Female,HR,HR Specialist,76558,Medium Salary,23,4,2,3,1,1,No,37,Yes
E1847,30,20-30,Male,Research & Development,Analyst,101205,High Salary,10,2,2,5,1,2,No,31,Yes
E1848,23,20-30,Male,Sales,Executive,21910,Low Salary,0,5,1,2,5,2,No,23,No
E1849,34,31-40,Male,HR,Executive,72713,Medium Salary,8,2,3,2,4,5,Yes,27,No
E1850,25,20-30,Male,Sales,Manager,61857,Medium Salary,0,5,4,2,1,5,Yes,22,No
E1851,49,41-50,Female,IT,Engineer,49964,Medium Salary,25,1,2,3,1,2,Yes,39,No
E1852,57,51+,Male,Research & Development,Manager,100667,High Salary,33,3,1,1,5,3,No,27,No
E1853,21,20-30,Male,Research & Development,Analyst,40227,Medium Salary,0,1,3,3,3,3,No,49,No
E1854,34,31-40,Male,IT,Sales Executive,20978,Low Salary,11,5,3,3,2,4,No,4,No
E1855,30,20-30,Female,Research & Development,Sales Executive,102527,High Salary,3,3,1,4,1,4,Yes,24,No
E1856,27,20-30,Female,Finance,Executive,32153,Low Salary,6,3,1,4,3,5,No,23,No
E1857,45,41-50,Male,Sales,Sales Executive,74765,Medium Salary,19,5,4,3,4,2,No,48,No
E1858,24,20-30,Male,HR,Sales Executive,114084,High Salary,0,5,1,5,3,3,Yes,19,No
E1859,25,20-30,Male,IT,Sales Executive,54071,Medium Salary,2,2,4,4,5,2,No,42,No
E1860,45,41-50,Female,Finance,Analyst,84519,High Salary,20,5,4,3,4,1,No,3,Yes
E1861,23,20-30,Female,HR,Sales Executive,24503,Low Salary,1,4,5,1,4,2,No,27,No
E1862,38,31-40,Female,HR,HR Specialist,75703,Medium Salary,16,5,3,5,3,1,No,3,No
E1863,39,31-40,Male,IT,Sales Executive,79379,Medium Salary,17,4,3,2,5,4,No,28,No
E1864,52,51+,Female,Finance,Sales Executive,110457,High Salary,32,5,3,3,1,4,No,17,No
E1865,39,31-40,Male,HR,Manager,72866,Medium Salary,14,2,5,3,3,5,No,31,No
E1866,31,31-40,Male,HR,Analyst,31905,Low Salary,8,4,4,5,1,2,No,10,No
E1867,20,20-30,Male,Finance,Executive,60838,Medium Salary,0,1,4,4,3,2,Yes,49,No
E1868,45,41-50,Female,Research & Development,Manager,73279,Medium Salary,22,4,1,4,1,1,No,22,No
E1869,33,31-40,Male,HR,Engineer,104489,High Salary,9,2,5,4,3,4,Yes,30,No
E1870,57,51+,Female,Sales,Analyst,41806,Medium Salary,33,4,1,2,4,1,No,49,No
E1871,56,51+,Female,Finance,HR Specialist,60000,Medium Salary,30,5,5,5,2,4,No,21,Yes
E1872,30,20-30,Male,HR,Analyst,37168,Low Salary,3,5,1,5,4,1,No,36,No
E1873,55,51+,Male,IT,Engineer,85119,High Salary,31,2,2,4,1,4,No,23,No
E1874,32,31-40,Female,Sales,Engineer,53714,Medium Salary,10,3,3,4,5,1,Yes,38,Yes
E1875,22,20-30,Male,HR,Engineer,69093,Medium Salary,0,5,3,1,4,4,No,12,No
E1876,52,51+,Female,Sales,Executive,70419,Medium Salary,27,1,4,1,2,1,Yes,25,No
E1877,25,20-30,Male,Sales,Sales Executive,64145,Medium Salary,3,2,2,3,1,2,Yes,20,No
E1878,29,20-30,Female,Research & Development,Analyst,92425,High Salary,9,4,3,3,4,5,No,49,No
E1879,24,20-30,Female,Sales,Sales Executive,107949,High Salary,0,4,4,5,3,1,Yes,49,No
E1880,42,41-50,Female,Research & Development,Sales Executive,92811,High Salary,20,1,2,5,5,5,No,42,No
E1881,29,20-30,Female,Finance,HR Specialist,17461,Low Salary,7,5,3,2,1,2,No,7,No
E1882,21,20-30,Male,Research & Development,Engineer,29291,Low Salary,1,2,1,2,4,2,No,29,Yes
E1883,32,31-40,Male,IT,Executive,61804,Medium Salary,11,1,5,1,1,4,No,48,No
E1884,59,51+,Female,HR,HR Specialist,91971,High Salary,36,5,2,3,3,5,Yes,29,No
E1885,21,20-30,Female,Finance,Manager,108471,High Salary,0,2,4,1,2,3,Yes,13,Yes
E1886,39,31-40,Male,Finance,Executive,79946,Medium Salary,13,4,2,1,4,4,No,3,Yes
E1887,20,20-30,Male,IT,Sales Executive,113989,High Salary,0,2,4,3,1,5,No,2,No
E1888,56,51+,Male,Research & Development,Executive,99080,High Salary,32,3,2,2,1,1,No,16,No
E1889,28,20-30,Male,HR,Engineer,76332,Medium Salary,6,2,4,3,1,1,No,30,Yes
E1890,36,31-40,Male,Research & Development,Manager,92794,High Salary,9,3,3,4,2,2,Yes,38,No
E1891,28,20-30,Male,Sales,Engineer,45841,Medium Salary,8,2,1,4,1,3,No,6,No
E1892,30,20-30,Female,Research & Development,Manager,63758,Medium Salary,10,3,3,4,5,1,No,45,Yes
E1893,34,31-40,Male,Finance,HR Specialist,91272,High Salary,7,4,1,5,5,5,Yes,7,No
E1894,43,41-50,Male,HR,Sales Executive,52643,Medium Salary,20,5,3,2,1,5,Yes,5,No
E1895,57,51+,Female,Research & Development,Manager,65408,Medium Salary,36,3,3,2,5,1,Yes,7,No
E1896,54,51+,Male,HR,Manager,58950,Medium Salary,28,3,2,5,4,5,Yes,34,No
E1897,49,41-50,Male,HR,Manager,71849,Medium Salary,26,4,5,1,5,5,No,32,Yes
E1898,50,41-50,Male,Sales,Executive,115500,High Salary,23,3,4,4,1,2,Yes,49,No
E1899,24,20-30,Male,Sales,HR Specialist,43044,Medium Salary,2,1,4,4,3,3,Yes,13,Yes
E1900,33,31-40,Male,Finance,Executive,30997,Low Salary,6,4,4,1,4,2,Yes,30,No
E1901,30,20-30,Female,IT,Sales Executive,94751,High Salary,7,1,1,3,2,3,No,25,No
E1902,28,20-30,Male,HR,Manager,113605,High Salary,3,4,4,3,1,5,No,21,No
E1903,53,51+,Female,IT,HR Specialist,38911,Low Salary,33,3,4,2,2,3,Yes,21,No
E1904,31,31-40,Female,Finance,HR Specialist,70533,Medium Salary,11,1,2,5,3,5,Yes,28,No
E1905,54,51+,Male,HR,Analyst,97566,High Salary,30,3,3,2,2,5,Yes,48,No
E1906,54,51+,Female,HR,Sales Executive,109870,High Salary,30,4,4,3,1,2,No,20,No
E1907,20,20-30,Male,IT,HR Specialist,29571,Low Salary,0,3,5,1,1,2,Yes,34,No
E1908,59,51+,Female,Research & Development,Manager,109463,High Salary,33,1,4,2,3,4,No,5,No
E1909,41,41-50,Female,Sales,Manager,72941,Medium Salary,19,1,1,4,1,1,No,18,No
E1910,48,41-50,Male,Research & Development,HR Specialist,73005,Medium Salary,23,3,1,4,3,4,No,39,No
E1911,27,20-30,Male,IT,Executive,101250,High Salary,6,2,1,1,3,4,Yes,43,No
E1912,30,20-30,Male,Sales,Sales Executive,73712,Medium Salary,7,4,4,3,1,3,No,11,No
E1913,60,51+,Male,Research & Development,Manager,58541,Medium Salary,34,4,2,4,5,5,No,17,No
E1914,56,51+,Male,Sales,HR Specialist,38387,Low Salary,34,3,5,4,3,5,Yes,48,No
E1915,33,31-40,Female,HR,Manager,108980,High Salary,9,2,4,5,1,5,No,45,No
E1916,49,41-50,Female,Research & Development,HR Specialist,63908,Medium Salary,22,1,2,2,5,1,Yes,22,No
E1917,54,51+,Female,Sales,Sales Executive,100457,High Salary,31,5,2,3,3,3,Yes,37,No
E1918,40,31-40,Female,Sales,HR Specialist,28057,Low Salary,16,5,4,2,5,3,Yes,20,No
E1919,56,51+,Female,Sales,Analyst,79028,Medium Salary,29,3,4,3,4,5,No,48,No
E1920,24,20-30,Female,Research & Development,HR Specialist,70731,Medium Salary,1,2,2,4,4,4,No,48,Yes
E1921,38,31-40,Female,Finance,HR Specialist,39858,Low Salary,17,2,2,5,5,1,No,48,Yes
E1922,33,31-40,Male,Research & Development,Sales Executive,63689,Medium Salary,11,4,2,2,3,4,Yes,46,No
E1923,45,41-50,Male,IT,HR Specialist,59638,Medium Salary,22,1,4,4,1,2,No,6,No
E1924,23,20-30,Female,Research & Development,Sales Executive,106598,High Salary,0,2,2,3,2,3,Yes,34,No
E1925,44,41-50,Female,Sales,Analyst,117386,High Salary,18,5,1,2,1,3,No,14,Yes
E1926,44,41-50,Male,HR,Sales Executive,61486,Medium Salary,24,1,4,2,2,4,Yes,48,No
E1927,37,31-40,Male,Research & Development,Manager,35567,Low Salary,12,1,1,4,2,1,Yes,23,Yes
E1928,59,51+,Male,Research & Development,Sales Executive,44739,Medium Salary,34,3,3,2,3,3,No,20,No
E1929,27,20-30,Male,Sales,Analyst,72804,Medium Salary,1,2,4,5,5,4,Yes,13,No
E1930,58,51+,Female,HR,Engineer,18754,Low Salary,38,3,3,5,1,1,No,47,Yes
E1931,59,51+,Male,HR,HR Specialist,42044,Medium Salary,34,2,2,4,5,4,No,44,No
E1932,33,31-40,Female,IT,Sales Executive,82260,High Salary,10,4,2,3,4,1,No,41,No
E1933,51,51+,Female,Research & Development,HR Specialist,81912,High Salary,28,3,5,4,3,5,No,32,No
E1934,57,51+,Female,HR,Executive,23706,Low Salary,34,3,2,5,3,1,No,26,No
E1935,52,51+,Male,HR,Manager,23894,Low Salary,32,5,3,1,4,2,Yes,50,No
E1936,42,41-50,Male,Finance,Manager,33037,Low Salary,17,3,2,1,1,5,No,14,No
E1937,34,31-40,Female,Finance,Executive,98986,High Salary,7,2,4,2,4,4,No,36,No
E1938,52,51+,Female,HR,Executive,96942,High Salary,32,5,2,2,1,5,Yes,8,No
E1939,44,41-50,Female,IT,Sales Executive,66612,Medium Salary,21,3,5,1,2,5,Yes,40,No
E1940,36,31-40,Male,HR,Executive,44725,Medium Salary,10,3,2,5,3,4,No,22,No
E1941,52,51+,Female,Sales,Engineer,20926,Low Salary,27,4,3,2,1,4,No,22,No
E1942,21,20-30,Male,Research & Development,HR Specialist,119555,High Salary,0,3,3,4,5,2,No,16,No
E1943,33,31-40,Female,IT,HR Specialist,24496,Low Salary,9,1,2,4,5,4,Yes,27,No
E1944,59,51+,Female,Sales,Analyst,71447,Medium Salary,35,5,3,5,3,3,No,10,No
E1945,59,51+,Female,IT,Executive,116604,High Salary,38,1,3,2,4,3,Yes,25,No
E1946,58,51+,Male,Sales,Executive,44806,Medium Salary,31,5,5,4,4,2,No,31,No
E1947,25,20-30,Male,Research & Development,Engineer,103199,High Salary,0,4,4,2,1,1,No,21,No
E1948,25,20-30,Female,Research & Development,Manager,56321,Medium Salary,3,3,5,2,4,1,Yes,27,No
E1949,22,20-30,Male,Finance,Manager,117031,High Salary,0,3,1,4,3,3,No,17,No
E1950,26,20-30,Female,Sales,HR Specialist,80095,High Salary,2,3,5,1,1,4,No,33,No
E1951,27,20-30,Male,Finance,HR Specialist,37656,Low Salary,7,5,2,4,2,2,No,31,Yes
E1952,34,31-40,Male,Sales,Sales Executive,70147,Medium Salary,7,3,4,5,4,1,No,50,No
E1953,48,41-50,Male,Finance,Engineer,106396,High Salary,24,1,2,3,4,1,No,42,No
E1954,52,51+,Female,Research & Development,Analyst,64666,Medium Salary,31,3,1,4,1,5,No,26,No
E1955,49,41-50,Male,IT,Analyst,97368,High Salary,24,4,4,2,5,3,Yes,21,No
E1956,58,51+,Male,Finance,Engineer,53787,Medium Salary,31,1,3,2,4,4,Yes,36,Yes
E1957,46,41-50,Female,Sales,Analyst,77946,Medium Salary,25,3,5,4,3,2,Yes,1,No
E1958,55,51+,Female,Sales,Manager,36727,Low Salary,30,3,2,3,4,1,No,4,No
E1959,48,41-50,Female,Research & Development,Analyst,110081,High Salary,22,2,1,4,2,5,No,4,No
E1960,57,51+,Female,Sales,Analyst,83056,High Salary,31,5,3,3,4,3,Yes,26,No
E1961,52,51+,Male,HR,Engineer,18081,Low Salary,27,1,5,3,5,3,No,4,Yes
E1962,56,51+,Male,IT,Engineer,49196,Medium Salary,29,2,3,5,4,2,No,49,Yes
E1963,46,41-50,Male,Finance,Analyst,51735,Medium Salary,24,4,5,2,1,1,No,9,No
E1964,52,51+,Male,IT,Executive,119749,High Salary,28,5,4,2,4,2,No,30,No
E1965,23,20-30,Male,Research & Development,Engineer,95102,High Salary,3,1,3,3,5,2,No,45,No
E1966,41,41-50,Female,Finance,Sales Executive,94578,High Salary,21,3,3,2,1,5,Yes,4,No
E1967,21,20-30,Male,Finance,Sales Executive,40498,Medium Salary,0,1,3,1,3,3,Yes,5,No
E1968,29,20-30,Male,HR,Manager,91865,High Salary,4,3,4,3,1,4,No,45,No
E1969,24,20-30,Male,Research & Development,Analyst,46656,Medium Salary,4,5,1,2,2,3,Yes,23,Yes
E1970,29,20-30,Female,Sales,Executive,82695,High Salary,2,3,5,1,1,3,Yes,16,No
E1971,52,51+,Female,HR,Manager,52900,Medium Salary,30,4,3,5,3,5,No,22,Yes
E1972,57,51+,Male,HR,Analyst,99899,High Salary,32,3,4,2,4,4,Yes,37,No
E1973,32,31-40,Female,IT,Engineer,62701,Medium Salary,10,4,1,1,1,1,No,8,No
E1974,50,41-50,Female,IT,Sales Executive,34033,Low Salary,23,5,5,4,1,4,Yes,48,Yes
E1975,55,51+,Female,IT,HR Specialist,25805,Low Salary,35,5,4,4,1,1,No,33,Yes
E1976,43,41-50,Female,HR,Executive,50851,Medium Salary,23,1,5,1,1,4,Yes,38,No
E1977,34,31-40,Female,Sales,HR Specialist,41832,Medium Salary,11,4,3,3,3,2,Yes,43,No
E1978,48,41-50,Female,Finance,Sales Executive,78437,Medium Salary,28,4,1,3,5,4,No,16,No
E1979,27,20-30,Female,IT,HR Specialist,28944,Low Salary,2,2,4,2,5,5,No,5,Yes
E1980,24,20-30,Male,Sales,Engineer,34873,Low Salary,0,2,1,4,1,1,No,16,Yes
E1981,48,41-50,Male,Research & Development,Analyst,55372,Medium Salary,22,2,3,3,3,3,No,7,Yes
E1982,23,20-30,Female,IT,Engineer,104464,High Salary,0,3,1,3,3,5,Yes,1,No
E1983,31,31-40,Male,Finance,HR Specialist,30379,Low Salary,6,2,1,4,1,1,No,9,No
E1984,21,20-30,Male,Research & Development,Engineer,51751,Medium Salary,0,4,2,5,2,1,No,18,No
E1985,46,41-50,Female,Research & Development,Sales Executive,115082,High Salary,23,3,1,3,1,3,No,45,No
E1986,50,41-50,Male,Finance,Executive,104822,High Salary,27,5,5,1,2,2,Yes,47,No
E1987,55,51+,Female,IT,Engineer,20110,Low Salary,35,1,4,2,1,5,No,3,No
E1988,55,51+,Female,HR,Sales Executive,69341,Medium Salary,34,2,2,3,2,3,No,24,No
E1989,45,41-50,Female,Finance,Executive,27087,Low Salary,18,5,4,3,2,3,Yes,28,No
E1990,46,41-50,Male,Finance,Analyst,38762,Low Salary,19,4,4,5,1,2,No,10,No
E1991,24,20-30,Male,Finance,HR Specialist,97617,High Salary,3,1,3,1,2,5,Yes,9,No
E1992,39,31-40,Male,Research & Development,Analyst,115483,High Salary,16,5,3,2,4,3,No,13,No
E1993,30,20-30,Male,Sales,Manager,24596,Low Salary,10,1,2,3,5,2,No,48,No
E1994,29,20-30,Female,HR,Sales Executive,118555,High Salary,8,2,3,2,3,5,No,35,No
E1995,59,51+,Female,IT,Executive,33313,Low Salary,39,4,3,4,2,4,No,23,No
E1996,57,51+,Male,IT,Engineer,81549,High Salary,37,1,3,3,2,1,Yes,47,Yes
E1997,25,20-30,Female,Sales,Analyst,38705,Low Salary,5,5,4,3,3,2,No,17,No
E1998,27,20-30,Female,Finance,Executive,82364,High Salary,3,2,2,4,2,1,No,46,Yes
E1999,42,41-50,Male,HR,Sales Executive,88445,High Salary,17,2,4,5,3,4,Yes,7,No
